157.0,nan,nan,1.0,5.0,14.0,9.0,2.0,2.0,1.0,nan,3.0,0.0,19.0,-5.0,1.0,17.6072539,17.6072539,1.0
157.0,nan,nan,1.0,4.0,16.0,7.0,2.0,1.0,1.0,nan,3.0,0.0,19.0,-3.0,1.0,19.086733420000002,19.086733420000002,1.0
157.0,nan,nan,1.0,6.0,25.0,6.0,5.0,1.0,0.0,nan,3.0,0.0,19.0,6.0,1.0,20.566212950000001,20.566212950000001,1.0
157.0,nan,nan,1.0,9.0,20.0,9.0,7.0,1.0,1.0,nan,3.0,0.0,19.0,1.0,1.0,19.860978370000002,19.860978370000002,1.0
157.0,nan,nan,1.0,9.0,18.0,12.0,5.0,2.0,2.0,nan,3.0,0.0,19.0,-1.0,1.0,19.155743789999999,19.155743789999999,1.0
157.0,nan,nan,1.0,14.0,20.0,17.0,11.0,1.0,2.0,nan,3.0,0.0,19.0,1.0,1.0,19.85615262,19.85615262,1.0
157.0,nan,nan,1.0,9.0,20.0,8.0,5.0,2.0,2.0,nan,3.0,0.0,19.0,1.0,1.0,20.556561439999999,20.556561439999999,1.0
157.0,nan,nan,1.0,7.0,22.0,18.0,5.0,1.0,1.0,nan,3.0,0.0,19.0,3.0,1.0,19.153790529999998,19.153790529999998,1.0
157.0,nan,nan,1.0,18.0,18.0,13.0,16.0,1.0,1.0,nan,3.0,0.0,19.0,-1.0,1.0,17.751019620000001,17.751019620000001,1.0
157.0,nan,nan,1.0,26.0,13.0,17.0,19.0,3.0,4.0,nan,3.0,0.0,19.0,-6.0,1.0,17.960130469999999,17.960130469999999,1.0
157.0,nan,nan,1.0,15.0,20.0,8.0,11.0,2.0,2.0,nan,3.0,0.0,19.0,1.0,1.0,18.16924131,18.16924131,1.0
157.0,nan,nan,1.0,21.0,20.0,9.0,16.0,2.0,3.0,nan,3.0,0.0,19.0,1.0,1.0,18.80620073,18.80620073,1.0
157.0,nan,nan,1.0,22.0,18.0,25.0,17.0,3.0,2.0,nan,3.0,0.0,19.0,-1.0,1.0,19.443160160000001,19.443160160000001,1.0
157.0,nan,nan,1.0,28.0,21.0,24.0,26.0,0.0,2.0,nan,3.0,0.0,19.0,2.0,1.0,20.36284655,20.36284655,1.0
157.0,nan,nan,1.0,14.0,21.0,16.0,12.0,1.0,1.0,nan,3.0,0.0,19.0,2.0,1.0,21.282532939999999,21.282532939999999,1.0
157.0,nan,nan,1.0,28.0,22.0,24.0,24.0,2.0,2.0,nan,3.0,0.0,19.0,3.0,1.0,20.15701937,20.15701937,1.0
157.0,nan,nan,1.0,22.0,15.0,42.0,18.0,2.0,2.0,nan,3.0,0.0,19.0,-4.0,1.0,19.031505809999999,19.031505809999999,1.0
157.0,nan,nan,1.0,28.0,21.0,21.0,25.0,1.0,2.0,nan,3.0,0.0,19.0,2.0,1.0,18.56828084,18.56828084,1.0
157.0,nan,nan,1.0,24.0,21.0,37.0,21.0,1.0,2.0,nan,3.0,0.0,19.0,2.0,1.0,18.105055879999998,18.105055879999998,1.0
157.0,nan,nan,1.0,10.0,10.0,15.0,6.0,2.0,2.0,nan,3.0,0.0,19.0,-9.0,1.0,15.301288230000001,15.301288230000001,1.0
157.0,nan,nan,1.0,16.0,12.0,50.0,13.0,2.0,1.0,nan,3.0,0.0,19.0,-7.0,1.0,12.49752058,12.49752058,1.0
157.0,nan,nan,1.0,24.0,16.0,61.0,20.0,2.0,2.0,nan,3.0,0.0,19.0,-3.0,1.0,14.39056113,14.39056113,1.0
157.0,nan,nan,1.0,25.0,16.0,29.0,20.0,2.0,3.0,nan,3.0,0.0,19.0,-3.0,1.0,16.283601690000001,16.283601690000001,1.0
157.0,nan,nan,1.0,34.0,17.0,37.0,27.0,4.0,3.0,nan,3.0,0.0,19.0,-2.0,1.0,17.49933055,17.49933055,1.0
157.0,nan,nan,1.0,24.0,19.0,22.0,20.0,2.0,2.0,nan,3.0,0.0,19.0,0.0,1.0,18.715059409999999,18.715059409999999,1.0
157.0,nan,nan,1.0,11.0,20.0,9.0,10.0,0.0,1.0,nan,3.0,0.0,19.0,1.0,1.0,18.867731070000001,18.867731070000001,1.0
157.0,nan,nan,1.0,25.0,17.0,28.0,20.0,3.0,2.0,nan,3.0,0.0,19.0,-2.0,1.0,19.020402730000001,19.020402730000001,1.0
157.0,nan,nan,1.0,25.0,21.0,23.0,20.0,3.0,2.0,nan,3.0,0.0,19.0,2.0,1.0,18.870028510000001,18.870028510000001,1.0
157.0,nan,nan,1.0,26.0,19.0,28.0,19.0,6.0,1.0,nan,3.0,0.0,19.0,0.0,1.0,18.719654299999998,18.719654299999998,1.0
157.0,nan,nan,1.0,24.0,16.0,42.0,18.0,4.0,2.0,nan,3.0,0.0,19.0,-3.0,1.0,17.217376099999999,17.217376099999999,1.0
157.0,nan,nan,1.0,20.0,16.0,22.0,17.0,1.0,2.0,nan,3.0,0.0,19.0,-3.0,1.0,15.715097910000001,15.715097910000001,1.0
157.0,nan,nan,1.0,13.0,15.0,35.0,9.0,2.0,2.0,nan,3.0,0.0,19.0,-4.0,1.0,15.287617900000001,15.287617900000001,1.0
157.0,nan,nan,1.0,18.0,14.0,45.0,9.0,7.0,2.0,nan,3.0,0.0,19.0,-5.0,1.0,14.860137890000001,14.860137890000001,1.0
157.0,nan,nan,1.0,24.0,16.0,42.0,20.0,2.0,2.0,nan,3.0,0.0,19.0,-3.0,1.0,15.005843199999999,15.005843199999999,1.0
157.0,nan,nan,1.0,24.0,14.0,87.0,19.0,1.0,4.0,nan,3.0,0.0,19.0,-5.0,1.0,15.151548500000001,15.151548500000001,1.0
157.0,nan,nan,1.0,25.0,16.0,25.0,20.0,2.0,3.0,nan,3.0,0.0,19.0,-3.0,1.0,15.71896284,15.71896284,1.0
157.0,nan,nan,1.0,22.0,16.0,36.0,18.0,1.0,3.0,nan,3.0,0.0,19.0,-3.0,1.0,16.286377179999999,16.286377179999999,1.0
157.0,nan,nan,1.0,7.0,24.0,6.0,4.0,1.0,2.0,nan,4.0,0.0,20.0,4.0,1.0,24.0,24.0,0.90614502500000005
157.0,nan,nan,1.0,3.0,23.0,15.0,2.0,0.0,1.0,nan,4.0,0.0,20.0,3.0,1.0,22.429071130000001,22.429071130000001,0.90614502500000005
157.0,nan,nan,1.0,6.0,20.0,11.0,4.0,1.0,1.0,nan,4.0,0.0,20.0,0.0,1.0,20.858142260000001,20.858142260000001,0.90614502500000005
157.0,nan,nan,1.0,4.0,20.0,6.0,3.0,1.0,0.0,nan,4.0,0.0,20.0,0.0,1.0,21.14407164,21.14407164,0.90614502500000005
157.0,nan,nan,1.0,10.0,22.0,6.0,6.0,3.0,1.0,nan,4.0,0.0,20.0,2.0,1.0,21.430001010000002,21.430001010000002,0.90614502500000005
157.0,nan,nan,1.0,9.0,22.0,3.0,7.0,0.0,2.0,nan,4.0,0.0,20.0,2.0,1.0,21.575393470000002,21.575393470000002,0.90614502500000005
157.0,nan,nan,1.0,20.0,-99.0,-99.0,-99.0,-99.0,-99.0,nan,4.0,0.0,20.0,0.0,1.0,21.720785920000001,21.720785920000001,0.90614502500000005
157.0,nan,nan,1.0,13.0,24.0,6.0,12.0,0.0,1.0,nan,4.0,0.0,20.0,4.0,1.0,21.723238890000001,21.723238890000001,0.90614502500000005
157.0,nan,nan,1.0,14.0,22.0,10.0,13.0,0.0,1.0,nan,4.0,0.0,20.0,2.0,1.0,21.72569185,21.72569185,0.90614502500000005
157.0,nan,nan,1.0,22.0,19.0,12.0,20.0,0.0,2.0,nan,4.0,0.0,20.0,-1.0,1.0,20.580421520000002,20.580421520000002,0.90614502500000005
157.0,nan,nan,1.0,29.0,20.0,16.0,23.0,3.0,3.0,nan,4.0,0.0,20.0,0.0,1.0,19.435151189999999,19.435151189999999,0.90614502500000005
157.0,nan,nan,1.0,21.0,19.0,18.0,17.0,1.0,3.0,nan,4.0,0.0,20.0,-1.0,1.0,19.787774249999998,19.787774249999998,0.90614502500000005
157.0,nan,nan,1.0,30.0,21.0,20.0,26.0,2.0,2.0,nan,4.0,0.0,20.0,1.0,1.0,20.140397310000001,20.140397310000001,0.90614502500000005
157.0,nan,nan,1.0,26.0,20.0,25.0,22.0,2.0,2.0,nan,4.0,0.0,20.0,0.0,1.0,20.84183805,20.84183805,0.90614502500000005
157.0,nan,nan,1.0,20.0,23.0,18.0,18.0,1.0,1.0,nan,4.0,0.0,20.0,3.0,1.0,21.543278789999999,21.543278789999999,0.90614502500000005
157.0,nan,nan,1.0,24.0,21.0,24.0,18.0,3.0,3.0,nan,4.0,0.0,20.0,1.0,1.0,20.492940959999999,20.492940959999999,0.90614502500000005
157.0,nan,nan,1.0,23.0,18.0,27.0,17.0,4.0,2.0,nan,4.0,0.0,20.0,-2.0,1.0,19.442603129999998,19.442603129999998,0.90614502500000005
157.0,nan,nan,1.0,25.0,20.0,35.0,20.0,3.0,2.0,nan,4.0,0.0,20.0,0.0,1.0,18.441778500000002,18.441778500000002,0.90614502500000005
157.0,nan,nan,1.0,26.0,16.0,44.0,21.0,2.0,3.0,nan,4.0,0.0,20.0,-4.0,1.0,17.44095386,17.44095386,0.90614502500000005
157.0,nan,nan,1.0,16.0,17.0,37.0,12.0,1.0,3.0,nan,4.0,0.0,20.0,-3.0,1.0,17.67651425,17.67651425,0.90614502500000005
157.0,nan,nan,1.0,24.0,20.0,23.0,22.0,1.0,1.0,nan,4.0,0.0,20.0,0.0,1.0,17.912074650000001,17.912074650000001,0.90614502500000005
157.0,nan,nan,1.0,23.0,16.0,64.0,17.0,3.0,3.0,nan,4.0,0.0,20.0,-4.0,1.0,16.674480110000001,16.674480110000001,0.90614502500000005
157.0,nan,nan,1.0,25.0,16.0,20.0,20.0,2.0,3.0,nan,4.0,0.0,20.0,-4.0,1.0,15.43688556,15.43688556,0.90614502500000005
157.0,nan,nan,1.0,27.0,14.0,37.0,23.0,2.0,2.0,nan,4.0,0.0,20.0,-6.0,1.0,15.77521239,15.77521239,0.90614502500000005
157.0,nan,nan,1.0,22.0,15.0,32.0,17.0,3.0,2.0,nan,4.0,0.0,20.0,-5.0,1.0,16.11353922,16.11353922,0.90614502500000005
157.0,nan,nan,1.0,17.0,20.0,31.0,15.0,1.0,1.0,nan,4.0,0.0,20.0,0.0,1.0,17.917040799999999,17.917040799999999,0.90614502500000005
157.0,nan,nan,1.0,26.0,20.0,32.0,20.0,2.0,4.0,nan,4.0,0.0,20.0,0.0,1.0,19.720542389999999,19.720542389999999,0.90614502500000005
157.0,nan,nan,1.0,25.0,19.0,29.0,21.0,1.0,3.0,nan,4.0,0.0,20.0,-1.0,1.0,18.782409680000001,18.782409680000001,0.90614502500000005
157.0,nan,nan,1.0,24.0,19.0,28.0,19.0,3.0,2.0,nan,4.0,0.0,20.0,-1.0,1.0,17.844276969999999,17.844276969999999,0.90614502500000005
157.0,nan,nan,1.0,22.0,15.0,29.0,15.0,5.0,2.0,nan,4.0,0.0,20.0,-5.0,1.0,15.962270180000001,15.962270180000001,0.90614502500000005
157.0,nan,nan,1.0,14.0,12.0,27.0,11.0,1.0,2.0,nan,4.0,0.0,20.0,-8.0,1.0,14.0802634,14.0802634,0.90614502500000005
157.0,nan,nan,1.0,19.0,16.0,26.0,14.0,3.0,2.0,nan,4.0,0.0,20.0,-4.0,1.0,15.17548579,15.17548579,0.90614502500000005
157.0,nan,nan,1.0,25.0,18.0,43.0,21.0,2.0,2.0,nan,4.0,0.0,20.0,-2.0,1.0,16.270708190000001,16.270708190000001,0.90614502500000005
157.0,nan,nan,1.0,26.0,14.0,25.0,22.0,2.0,2.0,nan,4.0,0.0,20.0,-6.0,1.0,15.96111865,15.96111865,0.90614502500000005
157.0,nan,nan,1.0,30.0,19.0,52.0,26.0,1.0,3.0,nan,4.0,0.0,20.0,-1.0,1.0,15.651529099999999,15.651529099999999,0.90614502500000005
157.0,nan,nan,1.0,17.0,13.0,23.0,10.0,4.0,3.0,nan,4.0,0.0,20.0,-7.0,1.0,15.597382359999999,15.597382359999999,0.90614502500000005
157.0,nan,nan,1.0,24.0,15.0,28.0,17.0,6.0,1.0,nan,4.0,0.0,20.0,-5.0,1.0,15.543235620000001,15.543235620000001,0.90614502500000005
157.0,nan,nan,1.0,4.0,27.0,6.0,3.0,0.0,1.0,nan,1.0,0.0,20.0,7.0,1.0,21.456901989999999,21.456901989999999,0.90354077600000005
157.0,nan,nan,1.0,7.0,20.0,12.0,4.0,2.0,1.0,nan,1.0,0.0,20.0,0.0,1.0,20.44523908,20.44523908,0.90354077600000005
157.0,nan,nan,1.0,9.0,20.0,9.0,9.0,0.0,0.0,nan,1.0,0.0,20.0,0.0,1.0,19.433576169999998,19.433576169999998,0.90354077600000005
157.0,nan,nan,1.0,10.0,18.0,7.0,5.0,2.0,3.0,nan,1.0,0.0,20.0,-2.0,1.0,19.575218190000001,19.575218190000001,0.90354077600000005
157.0,nan,nan,1.0,11.0,20.0,12.0,9.0,0.0,2.0,nan,1.0,0.0,20.0,0.0,1.0,19.716860199999999,19.716860199999999,0.90354077600000005
157.0,nan,nan,1.0,8.0,21.0,7.0,6.0,2.0,0.0,nan,1.0,0.0,20.0,1.0,1.0,20.823324759999998,20.823324759999998,0.90354077600000005
157.0,nan,nan,1.0,8.0,25.0,11.0,7.0,1.0,0.0,nan,1.0,0.0,20.0,5.0,1.0,21.929789320000001,21.929789320000001,0.90354077600000005
157.0,nan,nan,1.0,14.0,18.0,12.0,12.0,0.0,2.0,nan,1.0,0.0,20.0,-2.0,1.0,21.835282379999999,21.835282379999999,0.90354077600000005
157.0,nan,nan,1.0,12.0,30.0,11.0,10.0,1.0,1.0,nan,1.0,0.0,20.0,10.0,1.0,21.740775450000001,21.740775450000001,0.90354077600000005
157.0,nan,nan,1.0,21.0,22.0,30.0,18.0,2.0,1.0,nan,1.0,0.0,20.0,2.0,1.0,21.801537570000001,21.801537570000001,0.90354077600000005
157.0,nan,nan,1.0,32.0,23.0,27.0,29.0,0.0,3.0,nan,1.0,0.0,20.0,3.0,1.0,21.86229969,21.86229969,0.90354077600000005
157.0,nan,nan,1.0,11.0,20.0,11.0,9.0,0.0,2.0,nan,1.0,0.0,20.0,0.0,1.0,21.93114984,21.93114984,0.90354077600000005
157.0,nan,nan,1.0,27.0,22.0,17.0,24.0,1.0,2.0,nan,1.0,0.0,20.0,2.0,1.0,22.0,22.0,0.90354077600000005
157.0,nan,nan,1.0,24.0,24.0,34.0,21.0,1.0,2.0,nan,1.0,0.0,20.0,4.0,1.0,22.857690059999999,22.857690059999999,0.90354077600000005
157.0,nan,nan,1.0,25.0,24.0,35.0,22.0,1.0,2.0,nan,1.0,0.0,20.0,4.0,1.0,23.715380110000002,23.715380110000002,0.90354077600000005
157.0,nan,nan,1.0,19.0,23.0,25.0,16.0,2.0,1.0,nan,1.0,0.0,20.0,3.0,1.0,22.644594080000001,22.644594080000001,0.90354077600000005
157.0,nan,nan,1.0,30.0,21.0,33.0,25.0,2.0,3.0,nan,1.0,0.0,20.0,1.0,1.0,21.57380805,21.57380805,0.90354077600000005
157.0,nan,nan,1.0,25.0,21.0,29.0,20.0,1.0,4.0,nan,1.0,0.0,20.0,1.0,1.0,20.716533569999999,20.716533569999999,0.90354077600000005
157.0,nan,nan,1.0,24.0,19.0,29.0,18.0,4.0,2.0,nan,1.0,0.0,20.0,-1.0,1.0,19.859259089999998,19.859259089999998,0.90354077600000005
157.0,nan,nan,1.0,30.0,20.0,27.0,27.0,1.0,2.0,nan,1.0,0.0,20.0,0.0,1.0,18.859235940000001,18.859235940000001,0.90354077600000005
157.0,nan,nan,1.0,17.0,17.0,40.0,12.0,2.0,3.0,nan,1.0,0.0,20.0,-3.0,1.0,17.859212800000002,17.859212800000002,0.90354077600000005
157.0,nan,nan,1.0,21.0,17.0,26.0,18.0,2.0,1.0,nan,1.0,0.0,20.0,-3.0,1.0,17.307429710000001,17.307429710000001,0.90354077600000005
157.0,nan,nan,1.0,21.0,15.0,61.0,13.0,5.0,3.0,nan,1.0,0.0,20.0,-5.0,1.0,16.755646630000001,16.755646630000001,0.90354077600000005
157.0,nan,nan,1.0,31.0,19.0,33.0,29.0,0.0,2.0,nan,1.0,0.0,20.0,-1.0,1.0,17.865061740000002,17.865061740000002,0.90354077600000005
157.0,nan,nan,1.0,27.0,21.0,45.0,23.0,2.0,2.0,nan,1.0,0.0,20.0,1.0,1.0,18.974476849999999,18.974476849999999,0.90354077600000005
157.0,nan,nan,1.0,23.0,16.0,30.0,19.0,2.0,2.0,nan,1.0,0.0,20.0,-4.0,1.0,18.13149889,18.13149889,0.90354077600000005
157.0,nan,nan,1.0,16.0,19.0,31.0,12.0,2.0,2.0,nan,1.0,0.0,20.0,-1.0,1.0,17.288520940000002,17.288520940000002,0.90354077600000005
157.0,nan,nan,1.0,25.0,16.0,33.0,20.0,3.0,2.0,nan,1.0,0.0,20.0,-4.0,1.0,17.402381160000001,17.402381160000001,0.90354077600000005
157.0,nan,nan,1.0,21.0,16.0,71.0,16.0,3.0,2.0,nan,1.0,0.0,20.0,-4.0,1.0,17.516241390000001,17.516241390000001,0.90354077600000005
157.0,nan,nan,1.0,30.0,22.0,36.0,25.0,1.0,4.0,nan,1.0,0.0,20.0,2.0,1.0,17.24643142,17.24643142,0.90354077600000005
157.0,nan,nan,1.0,23.0,16.0,34.0,16.0,4.0,3.0,nan,1.0,0.0,20.0,-4.0,1.0,16.97662146,16.97662146,0.90354077600000005
157.0,nan,nan,1.0,18.0,14.0,51.0,16.0,0.0,2.0,nan,1.0,0.0,20.0,-6.0,1.0,16.487432009999999,16.487432009999999,0.90354077600000005
157.0,nan,nan,1.0,21.0,18.0,25.0,14.0,6.0,1.0,nan,1.0,0.0,20.0,-2.0,1.0,15.99824256,15.99824256,0.90354077600000005
157.0,nan,nan,1.0,24.0,15.0,57.0,18.0,2.0,4.0,nan,1.0,0.0,20.0,-5.0,1.0,16.338362109999998,16.338362109999998,0.90354077600000005
157.0,nan,nan,1.0,21.0,15.0,26.0,17.0,1.0,3.0,nan,1.0,0.0,20.0,-5.0,1.0,16.678481659999999,16.678481659999999,0.90354077600000005
157.0,nan,nan,1.0,24.0,21.0,46.0,18.0,4.0,2.0,nan,1.0,0.0,20.0,1.0,1.0,18.113012269999999,18.113012269999999,0.90354077600000005
157.0,nan,nan,1.0,14.0,19.0,17.0,12.0,0.0,2.0,nan,1.0,0.0,20.0,-1.0,1.0,19.547542889999999,19.547542889999999,0.90354077600000005
157.0,nan,nan,1.0,6.0,15.0,8.0,4.0,1.0,1.0,nan,2.0,0.0,18.0,-3.0,1.0,17.21762026,17.21762026,0.91397393100000002
157.0,nan,nan,1.0,5.0,23.0,7.0,5.0,0.0,0.0,nan,2.0,0.0,18.0,5.0,1.0,18.734978309999999,18.734978309999999,0.91397393100000002
157.0,nan,nan,1.0,5.0,29.0,3.0,5.0,0.0,0.0,nan,2.0,0.0,18.0,11.0,1.0,20.252336360000001,20.252336360000001,0.91397393100000002
157.0,nan,nan,1.0,12.0,13.0,14.0,8.0,1.0,3.0,nan,2.0,0.0,18.0,-5.0,1.0,18.679355019999999,18.679355019999999,0.91397393100000002
157.0,nan,nan,1.0,9.0,21.0,12.0,5.0,2.0,2.0,nan,2.0,0.0,18.0,3.0,1.0,17.10637367,17.10637367,0.91397393100000002
157.0,nan,nan,1.0,7.0,12.0,10.0,3.0,2.0,2.0,nan,2.0,0.0,18.0,-6.0,1.0,17.338988610000001,17.338988610000001,0.91397393100000002
157.0,nan,nan,1.0,10.0,23.0,5.0,9.0,0.0,1.0,nan,2.0,0.0,18.0,5.0,1.0,17.571603540000002,17.571603540000002,0.91397393100000002
157.0,nan,nan,1.0,16.0,17.0,12.0,13.0,1.0,2.0,nan,2.0,0.0,18.0,-1.0,1.0,18.109062099999999,18.109062099999999,0.91397393100000002
157.0,nan,nan,1.0,11.0,17.0,11.0,9.0,0.0,2.0,nan,2.0,0.0,18.0,-1.0,1.0,18.646520670000001,18.646520670000001,0.91397393100000002
157.0,nan,nan,1.0,19.0,23.0,9.0,14.0,2.0,3.0,nan,2.0,0.0,18.0,5.0,1.0,19.505824409999999,19.505824409999999,0.91397393100000002
157.0,nan,nan,1.0,17.0,19.0,10.0,14.0,1.0,2.0,nan,2.0,0.0,18.0,1.0,1.0,20.36512815,20.36512815,0.91397393100000002
157.0,nan,nan,1.0,22.0,20.0,13.0,16.0,3.0,3.0,nan,2.0,0.0,18.0,2.0,1.0,20.803701799999999,20.803701799999999,0.91397393100000002
157.0,nan,nan,1.0,24.0,23.0,22.0,19.0,4.0,1.0,nan,2.0,0.0,18.0,5.0,1.0,21.242275459999998,21.242275459999998,0.91397393100000002
157.0,nan,nan,1.0,25.0,20.0,27.0,19.0,3.0,3.0,nan,2.0,0.0,18.0,2.0,1.0,20.478227,20.478227,0.91397393100000002
157.0,nan,nan,1.0,27.0,20.0,30.0,24.0,1.0,2.0,nan,2.0,0.0,18.0,2.0,1.0,19.714178539999999,19.714178539999999,0.91397393100000002
157.0,nan,nan,1.0,16.0,19.0,20.0,14.0,0.0,2.0,nan,2.0,0.0,18.0,1.0,1.0,19.570391430000001,19.570391430000001,0.91397393100000002
157.0,nan,nan,1.0,26.0,20.0,26.0,23.0,2.0,1.0,nan,2.0,0.0,18.0,2.0,1.0,19.426604319999999,19.426604319999999,0.91397393100000002
157.0,nan,nan,1.0,32.0,19.0,58.0,29.0,1.0,2.0,nan,2.0,0.0,18.0,1.0,1.0,18.856258960000002,18.856258960000002,0.91397393100000002
157.0,nan,nan,1.0,29.0,18.0,34.0,24.0,3.0,2.0,nan,2.0,0.0,18.0,0.0,1.0,18.285913610000001,18.285913610000001,0.91397393100000002
157.0,nan,nan,1.0,26.0,18.0,60.0,22.0,1.0,3.0,nan,2.0,0.0,18.0,0.0,1.0,17.339839399999999,17.339839399999999,0.91397393100000002
157.0,nan,nan,1.0,19.0,13.0,31.0,14.0,3.0,2.0,nan,2.0,0.0,18.0,-5.0,1.0,16.39376519,16.39376519,0.91397393100000002
157.0,nan,nan,1.0,18.0,19.0,28.0,16.0,1.0,1.0,nan,2.0,0.0,18.0,1.0,1.0,16.76237295,16.76237295,0.91397393100000002
157.0,nan,nan,1.0,24.0,16.0,26.0,19.0,2.0,3.0,nan,2.0,0.0,18.0,-2.0,1.0,17.130980709999999,17.130980709999999,0.91397393100000002
157.0,nan,nan,1.0,25.0,17.0,26.0,22.0,1.0,2.0,nan,2.0,0.0,18.0,-1.0,1.0,17.28057635,17.28057635,0.91397393100000002
157.0,nan,nan,1.0,26.0,18.0,28.0,21.0,1.0,4.0,nan,2.0,0.0,18.0,0.0,1.0,17.430171980000001,17.430171980000001,0.91397393100000002
157.0,nan,nan,1.0,25.0,17.0,34.0,21.0,1.0,3.0,nan,2.0,0.0,18.0,-1.0,1.0,18.291580759999999,18.291580759999999,0.91397393100000002
157.0,nan,nan,1.0,15.0,20.0,28.0,11.0,1.0,3.0,nan,2.0,0.0,18.0,2.0,1.0,19.15298954,19.15298954,0.91397393100000002
157.0,nan,nan,1.0,20.0,20.0,31.0,16.0,2.0,2.0,nan,2.0,0.0,18.0,2.0,1.0,18.298630230000001,18.298630230000001,0.91397393100000002
157.0,nan,nan,1.0,26.0,18.0,47.0,20.0,4.0,2.0,nan,2.0,0.0,18.0,0.0,1.0,17.44427091,17.44427091,0.91397393100000002
157.0,nan,nan,1.0,22.0,14.0,22.0,15.0,5.0,2.0,nan,2.0,0.0,18.0,-4.0,1.0,16.08170904,16.08170904,0.91397393100000002
157.0,nan,nan,1.0,22.0,15.0,54.0,18.0,2.0,2.0,nan,2.0,0.0,18.0,-3.0,1.0,14.71914716,14.71914716,0.91397393100000002
157.0,nan,nan,1.0,22.0,15.0,29.0,21.0,0.0,1.0,nan,2.0,0.0,18.0,-3.0,1.0,15.073697040000001,15.073697040000001,0.91397393100000002
157.0,nan,nan,1.0,15.0,16.0,33.0,13.0,1.0,1.0,nan,2.0,0.0,18.0,-2.0,1.0,15.42824691,15.42824691,0.91397393100000002
157.0,nan,nan,1.0,23.0,15.0,36.0,15.0,7.0,1.0,nan,2.0,0.0,18.0,-3.0,1.0,15.99394801,15.99394801,0.91397393100000002
157.0,nan,nan,1.0,22.0,16.0,35.0,16.0,3.0,3.0,nan,2.0,0.0,18.0,-2.0,1.0,16.559649109999999,16.559649109999999,0.91397393100000002
157.0,nan,nan,1.0,26.0,19.0,30.0,23.0,1.0,2.0,nan,2.0,0.0,18.0,1.0,1.0,16.853740139999999,16.853740139999999,0.91397393100000002
157.0,nan,nan,1.0,25.0,19.0,25.0,20.0,2.0,3.0,nan,2.0,0.0,18.0,1.0,1.0,17.147831180000001,17.147831180000001,0.91397393100000002
157.0,nan,nan,1.0,7.0,35.0,3.0,6.0,1.0,0.0,nan,5.0,0.0,18.0,17.0,1.0,22.5,22.5,0.91850460599999995
157.0,nan,nan,1.0,3.0,23.0,3.0,2.0,1.0,0.0,nan,5.0,0.0,18.0,5.0,1.0,22.816251470000001,22.816251470000001,0.91850460599999995
157.0,nan,nan,1.0,6.0,24.0,4.0,5.0,1.0,0.0,nan,5.0,0.0,18.0,6.0,1.0,23.132502939999998,23.132502939999998,0.91850460599999995
157.0,nan,nan,1.0,9.0,22.0,9.0,6.0,2.0,1.0,nan,5.0,0.0,18.0,4.0,1.0,21.985016869999999,21.985016869999999,0.91850460599999995
157.0,nan,nan,1.0,11.0,21.0,10.0,8.0,3.0,0.0,nan,5.0,0.0,18.0,3.0,1.0,20.8375308,20.8375308,0.91850460599999995
157.0,nan,nan,1.0,5.0,13.0,6.0,2.0,2.0,1.0,nan,5.0,0.0,18.0,-5.0,1.0,21.234094509999998,21.234094509999998,0.91850460599999995
157.0,nan,nan,1.0,11.0,22.0,20.0,8.0,1.0,2.0,nan,5.0,0.0,18.0,4.0,1.0,21.630658220000001,21.630658220000001,0.91850460599999995
157.0,nan,nan,1.0,12.0,18.0,10.0,10.0,0.0,2.0,nan,5.0,0.0,18.0,0.0,1.0,21.042609370000001,21.042609370000001,0.91850460599999995
157.0,nan,nan,1.0,18.0,21.0,18.0,12.0,3.0,3.0,nan,5.0,0.0,18.0,3.0,1.0,20.454560529999998,20.454560529999998,0.91850460599999995
157.0,nan,nan,1.0,14.0,22.0,20.0,12.0,1.0,1.0,nan,5.0,0.0,18.0,4.0,1.0,20.505976449999999,20.505976449999999,0.91850460599999995
157.0,nan,nan,1.0,29.0,20.0,29.0,23.0,2.0,4.0,nan,5.0,0.0,18.0,2.0,1.0,20.557392369999999,20.557392369999999,0.91850460599999995
157.0,nan,nan,1.0,18.0,20.0,16.0,14.0,1.0,3.0,nan,5.0,0.0,18.0,2.0,1.0,21.056138109999999,21.056138109999999,0.91850460599999995
157.0,nan,nan,1.0,31.0,26.0,28.0,24.0,4.0,3.0,nan,5.0,0.0,18.0,8.0,1.0,21.55488386,21.55488386,0.91850460599999995
157.0,nan,nan,1.0,28.0,20.0,44.0,23.0,3.0,2.0,nan,5.0,0.0,18.0,2.0,1.0,20.206195579999999,20.206195579999999,0.91850460599999995
157.0,nan,nan,1.0,22.0,18.0,23.0,21.0,0.0,1.0,nan,5.0,0.0,18.0,0.0,1.0,18.857507309999999,18.857507309999999,0.91850460599999995
157.0,nan,nan,1.0,13.0,19.0,81.0,10.0,1.0,2.0,nan,5.0,0.0,18.0,1.0,1.0,20.22713873,20.22713873,0.91850460599999995
157.0,nan,nan,1.0,29.0,23.0,24.0,25.0,2.0,2.0,nan,5.0,0.0,18.0,5.0,1.0,21.596770150000001,21.596770150000001,0.91850460599999995
157.0,nan,nan,1.0,30.0,22.0,33.0,26.0,2.0,2.0,nan,5.0,0.0,18.0,4.0,1.0,19.85622214,19.85622214,0.91850460599999995
157.0,nan,nan,1.0,24.0,17.0,20.0,19.0,3.0,2.0,nan,5.0,0.0,18.0,-1.0,1.0,18.115674120000001,18.115674120000001,0.91850460599999995
157.0,nan,nan,1.0,28.0,16.0,53.0,21.0,3.0,4.0,nan,5.0,0.0,18.0,-2.0,1.0,17.065192239999998,17.065192239999998,0.91850460599999995
157.0,nan,nan,1.0,12.0,11.0,65.0,7.0,2.0,3.0,nan,5.0,0.0,18.0,-7.0,1.0,16.014710350000001,16.014710350000001,0.91850460599999995
157.0,nan,nan,1.0,23.0,19.0,36.0,21.0,1.0,1.0,nan,5.0,0.0,18.0,1.0,1.0,17.2852867,17.2852867,0.91850460599999995
157.0,nan,nan,1.0,29.0,18.0,67.0,24.0,2.0,3.0,nan,5.0,0.0,18.0,0.0,1.0,18.555863039999998,18.555863039999998,0.91850460599999995
157.0,nan,nan,1.0,25.0,19.0,20.0,19.0,3.0,3.0,nan,5.0,0.0,18.0,1.0,1.0,18.84407504,18.84407504,0.91850460599999995
157.0,nan,nan,1.0,28.0,20.0,39.0,25.0,1.0,2.0,nan,5.0,0.0,18.0,2.0,1.0,19.132287030000001,19.132287030000001,0.91850460599999995
157.0,nan,nan,1.0,18.0,18.0,23.0,13.0,3.0,2.0,nan,5.0,0.0,18.0,0.0,1.0,18.497447050000002,18.497447050000002,0.91850460599999995
157.0,nan,nan,1.0,15.0,19.0,33.0,13.0,1.0,1.0,nan,5.0,0.0,18.0,1.0,1.0,17.862607069999999,17.862607069999999,0.91850460599999995
157.0,nan,nan,1.0,20.0,16.0,28.0,13.0,4.0,3.0,nan,5.0,0.0,18.0,-2.0,1.0,17.727159140000001,17.727159140000001,0.91850460599999995
157.0,nan,nan,1.0,27.0,20.0,36.0,19.0,5.0,3.0,nan,5.0,0.0,18.0,2.0,1.0,17.59171121,17.59171121,0.91850460599999995
157.0,nan,nan,1.0,26.0,16.0,35.0,22.0,2.0,2.0,nan,5.0,0.0,18.0,-2.0,1.0,17.571553170000001,17.571553170000001,0.91850460599999995
157.0,nan,nan,1.0,26.0,19.0,26.0,20.0,4.0,2.0,nan,5.0,0.0,18.0,1.0,1.0,17.55139513,17.55139513,0.91850460599999995
157.0,nan,nan,1.0,18.0,17.0,28.0,13.0,3.0,2.0,nan,5.0,0.0,18.0,-1.0,1.0,17.413505409999999,17.413505409999999,0.91850460599999995
157.0,nan,nan,1.0,15.0,15.0,24.0,8.0,6.0,1.0,nan,5.0,0.0,18.0,-3.0,1.0,17.275615689999999,17.275615689999999,0.91850460599999995
157.0,nan,nan,1.0,26.0,21.0,34.0,23.0,1.0,2.0,nan,5.0,0.0,18.0,3.0,1.0,17.893007449999999,17.893007449999999,0.91850460599999995
157.0,nan,nan,1.0,21.0,16.0,27.0,16.0,2.0,3.0,nan,5.0,0.0,18.0,-2.0,1.0,18.510399209999999,18.510399209999999,0.91850460599999995
157.0,nan,nan,1.0,27.0,20.0,40.0,23.0,2.0,2.0,nan,5.0,0.0,18.0,2.0,1.0,17.642663580000001,17.642663580000001,0.91850460599999995
157.0,nan,nan,1.0,21.0,14.0,23.0,12.0,7.0,2.0,nan,5.0,0.0,18.0,-4.0,1.0,16.774927940000001,16.774927940000001,0.91850460599999995
157.0,nan,nan,1.0,3.0,28.0,2.0,3.0,0.0,0.0,nan,1.0,0.0,19.0,9.0,1.0,27.365812129999998,27.365812129999998,0.91849947200000004
157.0,nan,nan,1.0,5.0,15.0,4.0,4.0,0.0,1.0,nan,1.0,0.0,19.0,-4.0,1.0,22.305694849999998,22.305694849999998,0.91849947200000004
157.0,nan,nan,1.0,5.0,17.0,8.0,4.0,1.0,0.0,nan,1.0,0.0,19.0,-2.0,1.0,17.245577560000001,17.245577560000001,0.91849947200000004
157.0,nan,nan,1.0,5.0,22.0,2.0,3.0,1.0,1.0,nan,1.0,0.0,19.0,3.0,1.0,18.218871230000001,18.218871230000001,0.91849947200000004
157.0,nan,nan,1.0,13.0,17.0,12.0,11.0,0.0,2.0,nan,1.0,0.0,19.0,-2.0,1.0,19.192164909999999,19.192164909999999,0.91849947200000004
157.0,nan,nan,1.0,12.0,20.0,19.0,8.0,2.0,2.0,nan,1.0,0.0,19.0,1.0,1.0,20.84575383,20.84575383,0.91849947200000004
157.0,nan,nan,1.0,14.0,22.0,18.0,8.0,3.0,3.0,nan,1.0,0.0,19.0,3.0,1.0,22.49934275,22.49934275,0.91849947200000004
157.0,nan,nan,1.0,5.0,26.0,3.0,4.0,0.0,1.0,nan,1.0,0.0,19.0,7.0,1.0,21.88209191,21.88209191,0.91849947200000004
157.0,nan,nan,1.0,21.0,20.0,22.0,16.0,1.0,4.0,nan,1.0,0.0,19.0,1.0,1.0,21.264841059999998,21.264841059999998,0.91849947200000004
157.0,nan,nan,1.0,19.0,19.0,39.0,14.0,4.0,1.0,nan,1.0,0.0,19.0,0.0,1.0,20.348236579999998,20.348236579999998,0.91849947200000004
157.0,nan,nan,1.0,27.0,20.0,29.0,24.0,2.0,1.0,nan,1.0,0.0,19.0,1.0,1.0,19.431632109999999,19.431632109999999,0.91849947200000004
157.0,nan,nan,1.0,16.0,19.0,33.0,13.0,1.0,2.0,nan,1.0,0.0,19.0,0.0,1.0,19.215816060000002,19.215816060000002,0.91849947200000004
157.0,nan,nan,1.0,24.0,19.0,22.0,18.0,4.0,2.0,nan,1.0,0.0,19.0,0.0,1.0,19.0,19.0,0.91849947200000004
157.0,nan,nan,1.0,28.0,19.0,54.0,23.0,3.0,2.0,nan,1.0,0.0,19.0,0.0,1.0,18.992009329999998,18.992009329999998,0.91849947200000004
157.0,nan,nan,1.0,17.0,16.0,62.0,11.0,3.0,3.0,nan,1.0,0.0,19.0,-3.0,1.0,18.98401866,18.98401866,0.91849947200000004
157.0,nan,nan,1.0,19.0,23.0,24.0,16.0,2.0,1.0,nan,1.0,0.0,19.0,4.0,1.0,19.858886760000001,19.858886760000001,0.91849947200000004
157.0,nan,nan,1.0,27.0,21.0,29.0,24.0,1.0,2.0,nan,1.0,0.0,19.0,2.0,1.0,20.733754860000001,20.733754860000001,0.91849947200000004
157.0,nan,nan,1.0,29.0,18.0,37.0,27.0,0.0,2.0,nan,1.0,0.0,19.0,-1.0,1.0,18.88739816,18.88739816,0.91849947200000004
157.0,nan,nan,1.0,29.0,19.0,42.0,25.0,2.0,2.0,nan,1.0,0.0,19.0,0.0,1.0,17.041041459999999,17.041041459999999,0.91849947200000004
157.0,nan,nan,1.0,21.0,13.0,48.0,15.0,2.0,4.0,nan,1.0,0.0,19.0,-6.0,1.0,16.115703669999998,16.115703669999998,0.91849947200000004
157.0,nan,nan,1.0,16.0,16.0,42.0,13.0,0.0,3.0,nan,1.0,0.0,19.0,-3.0,1.0,15.19036588,15.19036588,0.91849947200000004
157.0,nan,nan,1.0,25.0,16.0,36.0,21.0,3.0,1.0,nan,1.0,0.0,19.0,-3.0,1.0,15.882434910000001,15.882434910000001,0.91849947200000004
157.0,nan,nan,1.0,24.0,16.0,52.0,18.0,4.0,2.0,nan,1.0,0.0,19.0,-3.0,1.0,16.57450395,16.57450395,0.91849947200000004
157.0,nan,nan,1.0,29.0,18.0,27.0,25.0,1.0,3.0,nan,1.0,0.0,19.0,-1.0,1.0,17.715981710000001,17.715981710000001,0.91849947200000004
157.0,nan,nan,1.0,22.0,18.0,58.0,18.0,0.0,4.0,nan,1.0,0.0,19.0,-1.0,1.0,18.857459479999999,18.857459479999999,0.91849947200000004
157.0,nan,nan,1.0,23.0,21.0,20.0,18.0,3.0,2.0,nan,1.0,0.0,19.0,2.0,1.0,19.713052609999998,19.713052609999998,0.91849947200000004
157.0,nan,nan,1.0,22.0,22.0,30.0,20.0,1.0,1.0,nan,1.0,0.0,19.0,3.0,1.0,20.568645740000001,20.568645740000001,0.91849947200000004
157.0,nan,nan,1.0,25.0,18.0,44.0,20.0,2.0,3.0,nan,1.0,0.0,19.0,-1.0,1.0,19.567581359999998,19.567581359999998,0.91849947200000004
157.0,nan,nan,1.0,23.0,20.0,28.0,19.0,3.0,1.0,nan,1.0,0.0,19.0,1.0,1.0,18.566516979999999,18.566516979999999,0.91849947200000004
157.0,nan,nan,1.0,26.0,17.0,40.0,21.0,3.0,2.0,nan,1.0,0.0,19.0,-2.0,1.0,18.187809340000001,18.187809340000001,0.91849947200000004
157.0,nan,nan,1.0,23.0,17.0,36.0,18.0,3.0,2.0,nan,1.0,0.0,19.0,-2.0,1.0,17.80910171,17.80910171,0.91849947200000004
157.0,nan,nan,1.0,27.0,20.0,30.0,22.0,3.0,2.0,nan,1.0,0.0,19.0,1.0,1.0,17.03220524,17.03220524,0.91849947200000004
157.0,nan,nan,1.0,13.0,16.0,23.0,10.0,2.0,1.0,nan,1.0,0.0,19.0,-3.0,1.0,16.255308769999999,16.255308769999999,0.91849947200000004
157.0,nan,nan,1.0,20.0,13.0,50.0,12.0,6.0,2.0,nan,1.0,0.0,19.0,-6.0,1.0,15.93653879,15.93653879,0.91849947200000004
157.0,nan,nan,1.0,23.0,17.0,26.0,15.0,4.0,4.0,nan,1.0,0.0,19.0,-2.0,1.0,15.6177688,15.6177688,0.91849947200000004
157.0,nan,nan,1.0,23.0,16.0,59.0,16.0,4.0,3.0,nan,1.0,0.0,19.0,-3.0,1.0,16.23722369,16.23722369,0.91849947200000004
157.0,nan,nan,1.0,27.0,16.0,31.0,23.0,2.0,2.0,nan,1.0,0.0,19.0,-3.0,1.0,16.856678590000001,16.856678590000001,0.91849947200000004
157.0,nan,nan,1.0,2.0,31.0,2.0,1.0,0.0,1.0,nan,2.0,0.0,20.0,11.0,1.0,17.5,17.5,0.91639090199999995
157.0,nan,nan,1.0,6.0,20.0,7.0,5.0,0.0,1.0,nan,2.0,0.0,20.0,0.0,1.0,20.618262940000001,20.618262940000001,0.91639090199999995
157.0,nan,nan,1.0,9.0,29.0,10.0,7.0,0.0,2.0,nan,2.0,0.0,20.0,9.0,1.0,23.736525889999999,23.736525889999999,0.91639090199999995
157.0,nan,nan,1.0,7.0,23.0,4.0,5.0,0.0,2.0,nan,2.0,0.0,20.0,3.0,1.0,23.217729559999999,23.217729559999999,0.91639090199999995
157.0,nan,nan,1.0,5.0,30.0,3.0,5.0,0.0,0.0,nan,2.0,0.0,20.0,10.0,1.0,22.698933239999999,22.698933239999999,0.91639090199999995
157.0,nan,nan,1.0,12.0,14.0,16.0,7.0,3.0,2.0,nan,2.0,0.0,20.0,-6.0,1.0,21.906918139999998,21.906918139999998,0.91639090199999995
157.0,nan,nan,1.0,11.0,23.0,5.0,6.0,3.0,2.0,nan,2.0,0.0,20.0,3.0,1.0,21.114903040000002,21.114903040000002,0.91639090199999995
157.0,nan,nan,1.0,11.0,19.0,12.0,10.0,0.0,1.0,nan,2.0,0.0,20.0,-1.0,1.0,20.698718759999998,20.698718759999998,0.91639090199999995
157.0,nan,nan,1.0,14.0,20.0,7.0,11.0,1.0,2.0,nan,2.0,0.0,20.0,0.0,1.0,20.282534479999999,20.282534479999999,0.91639090199999995
157.0,nan,nan,1.0,15.0,22.0,16.0,10.0,2.0,3.0,nan,2.0,0.0,20.0,2.0,1.0,20.928174389999999,20.928174389999999,0.91639090199999995
157.0,nan,nan,1.0,26.0,23.0,15.0,24.0,0.0,2.0,nan,2.0,0.0,20.0,3.0,1.0,21.573814299999999,21.573814299999999,0.91639090199999995
157.0,nan,nan,1.0,17.0,19.0,8.0,13.0,1.0,3.0,nan,2.0,0.0,20.0,-1.0,1.0,20.921544409999999,20.921544409999999,0.91639090199999995
157.0,nan,nan,1.0,25.0,22.0,17.0,23.0,1.0,1.0,nan,2.0,0.0,20.0,2.0,1.0,20.269274530000001,20.269274530000001,0.91639090199999995
157.0,nan,nan,1.0,18.0,19.0,26.0,13.0,3.0,2.0,nan,2.0,0.0,20.0,-1.0,1.0,19.754062609999998,19.754062609999998,0.91639090199999995
157.0,nan,nan,1.0,27.0,22.0,24.0,22.0,3.0,2.0,nan,2.0,0.0,20.0,2.0,1.0,19.23885069,19.23885069,0.91639090199999995
157.0,nan,nan,1.0,18.0,15.0,40.0,16.0,0.0,2.0,nan,2.0,0.0,20.0,-5.0,1.0,19.179679570000001,19.179679570000001,0.91639090199999995
157.0,nan,nan,1.0,28.0,25.0,24.0,25.0,2.0,1.0,nan,2.0,0.0,20.0,5.0,1.0,19.120508449999999,19.120508449999999,0.91639090199999995
157.0,nan,nan,1.0,29.0,18.0,28.0,23.0,3.0,3.0,nan,2.0,0.0,20.0,-2.0,1.0,18.971850679999999,18.971850679999999,0.91639090199999995
157.0,nan,nan,1.0,26.0,18.0,19.0,21.0,3.0,2.0,nan,2.0,0.0,20.0,-2.0,1.0,18.82319292,18.82319292,0.91639090199999995
157.0,nan,nan,1.0,26.0,21.0,49.0,22.0,1.0,3.0,nan,2.0,0.0,20.0,1.0,1.0,18.08016538,18.08016538,0.91639090199999995
157.0,nan,nan,1.0,20.0,14.0,42.0,16.0,1.0,3.0,nan,2.0,0.0,20.0,-6.0,1.0,17.33713784,17.33713784,0.91639090199999995
157.0,nan,nan,1.0,13.0,18.0,31.0,11.0,1.0,1.0,nan,2.0,0.0,20.0,-2.0,1.0,17.597749570000001,17.597749570000001,0.91639090199999995
157.0,nan,nan,1.0,26.0,17.0,30.0,20.0,3.0,3.0,nan,2.0,0.0,20.0,-3.0,1.0,17.858361290000001,17.858361290000001,0.91639090199999995
157.0,nan,nan,1.0,26.0,19.0,29.0,22.0,2.0,2.0,nan,2.0,0.0,20.0,-1.0,1.0,17.805982480000001,17.805982480000001,0.91639090199999995
157.0,nan,nan,1.0,20.0,16.0,22.0,16.0,2.0,2.0,nan,2.0,0.0,20.0,-4.0,1.0,17.75360367,17.75360367,0.91639090199999995
157.0,nan,nan,1.0,26.0,19.0,32.0,21.0,3.0,2.0,nan,2.0,0.0,20.0,-1.0,1.0,18.376801839999999,18.376801839999999,0.91639090199999995
157.0,nan,nan,1.0,15.0,19.0,31.0,11.0,2.0,2.0,nan,2.0,0.0,20.0,-1.0,1.0,19.0,19.0,0.91639090199999995
157.0,nan,nan,1.0,19.0,30.0,13.0,18.0,0.0,1.0,nan,2.0,0.0,20.0,10.0,1.0,19.0,19.0,0.91639090199999995
157.0,nan,nan,1.0,21.0,19.0,23.0,17.0,3.0,1.0,nan,2.0,0.0,20.0,-1.0,1.0,19.0,19.0,0.91639090199999995
157.0,nan,nan,1.0,24.0,16.0,21.0,20.0,1.0,3.0,nan,2.0,0.0,20.0,-4.0,1.0,18.294198519999998,18.294198519999998,0.91639090199999995
157.0,nan,nan,1.0,28.0,19.0,49.0,24.0,1.0,3.0,nan,2.0,0.0,20.0,-1.0,1.0,17.58839704,17.58839704,0.91639090199999995
157.0,nan,nan,1.0,25.0,17.0,26.0,22.0,1.0,2.0,nan,2.0,0.0,20.0,-3.0,1.0,16.871950850000001,16.871950850000001,0.91639090199999995
157.0,nan,nan,1.0,16.0,17.0,29.0,13.0,2.0,1.0,nan,2.0,0.0,20.0,-3.0,1.0,16.155504659999998,16.155504659999998,0.91639090199999995
157.0,nan,nan,1.0,19.0,14.0,53.0,11.0,4.0,4.0,nan,2.0,0.0,20.0,-6.0,1.0,16.220437570000001,16.220437570000001,0.91639090199999995
157.0,nan,nan,1.0,24.0,18.0,26.0,19.0,3.0,2.0,nan,2.0,0.0,20.0,-2.0,1.0,16.285370480000001,16.285370480000001,0.91639090199999995
157.0,nan,nan,1.0,21.0,16.0,32.0,17.0,1.0,3.0,nan,2.0,0.0,20.0,-4.0,1.0,17.11928374,17.11928374,0.91639090199999995
157.0,nan,nan,1.0,26.0,20.0,35.0,19.0,3.0,4.0,nan,2.0,0.0,20.0,0.0,1.0,17.953196999999999,17.953196999999999,0.91639090199999995
157.0,nan,nan,1.0,8.0,17.0,17.0,5.0,2.0,1.0,nan,2.0,0.0,19.0,-2.0,1.0,17.0,17.0,0.91079931300000005
157.0,nan,nan,1.0,5.0,21.0,10.0,3.0,1.0,1.0,nan,2.0,0.0,19.0,2.0,1.0,19.627201929999998,19.627201929999998,0.91079931300000005
157.0,nan,nan,1.0,6.0,24.0,6.0,5.0,0.0,1.0,nan,2.0,0.0,19.0,5.0,1.0,22.25440386,22.25440386,0.91079931300000005
157.0,nan,nan,1.0,3.0,21.0,5.0,2.0,0.0,1.0,nan,2.0,0.0,19.0,2.0,1.0,21.268000430000001,21.268000430000001,0.91079931300000005
157.0,nan,nan,1.0,18.0,18.0,16.0,14.0,1.0,3.0,nan,2.0,0.0,19.0,-1.0,1.0,20.281597000000001,20.281597000000001,0.91079931300000005
157.0,nan,nan,1.0,4.0,23.0,5.0,4.0,0.0,0.0,nan,2.0,0.0,19.0,4.0,1.0,19.778893279999998,19.778893279999998,0.91079931300000005
157.0,nan,nan,1.0,14.0,16.0,23.0,11.0,1.0,2.0,nan,2.0,0.0,19.0,-3.0,1.0,19.276189559999999,19.276189559999999,0.91079931300000005
157.0,nan,nan,1.0,9.0,20.0,9.0,8.0,0.0,1.0,nan,2.0,0.0,19.0,1.0,1.0,19.580788909999999,19.580788909999999,0.91079931300000005
157.0,nan,nan,1.0,18.0,17.0,19.0,13.0,2.0,3.0,nan,2.0,0.0,19.0,-2.0,1.0,19.885388249999998,19.885388249999998,0.91079931300000005
157.0,nan,nan,1.0,13.0,24.0,13.0,11.0,0.0,2.0,nan,2.0,0.0,19.0,5.0,1.0,20.344782389999999,20.344782389999999,0.91079931300000005
157.0,nan,nan,1.0,27.0,20.0,17.0,22.0,2.0,3.0,nan,2.0,0.0,19.0,1.0,1.0,20.804176519999999,20.804176519999999,0.91079931300000005
157.0,nan,nan,1.0,16.0,19.0,13.0,14.0,0.0,2.0,nan,2.0,0.0,19.0,0.0,1.0,20.54341887,20.54341887,0.91079931300000005
157.0,nan,nan,1.0,21.0,20.0,22.0,16.0,1.0,4.0,nan,2.0,0.0,19.0,1.0,1.0,20.282661210000001,20.282661210000001,0.91079931300000005
157.0,nan,nan,1.0,28.0,22.0,29.0,25.0,1.0,2.0,nan,2.0,0.0,19.0,3.0,1.0,21.016370030000001,21.016370030000001,0.91079931300000005
157.0,nan,nan,1.0,15.0,19.0,22.0,12.0,2.0,1.0,nan,2.0,0.0,19.0,0.0,1.0,21.750078850000001,21.750078850000001,0.91079931300000005
157.0,nan,nan,1.0,22.0,26.0,21.0,19.0,1.0,2.0,nan,2.0,0.0,19.0,7.0,1.0,21.403782140000001,21.403782140000001,0.91079931300000005
157.0,nan,nan,1.0,27.0,18.0,54.0,22.0,3.0,2.0,nan,2.0,0.0,19.0,-1.0,1.0,21.057485419999999,21.057485419999999,0.91079931300000005
157.0,nan,nan,1.0,29.0,21.0,19.0,25.0,1.0,3.0,nan,2.0,0.0,19.0,2.0,1.0,19.39854746,19.39854746,0.91079931300000005
157.0,nan,nan,1.0,22.0,16.0,50.0,17.0,2.0,3.0,nan,2.0,0.0,19.0,-3.0,1.0,17.7396095,17.7396095,0.91079931300000005
157.0,nan,nan,1.0,24.0,17.0,35.0,20.0,1.0,3.0,nan,2.0,0.0,19.0,-2.0,1.0,17.58313085,17.58313085,0.91079931300000005
157.0,nan,nan,1.0,13.0,18.0,26.0,10.0,2.0,1.0,nan,2.0,0.0,19.0,-1.0,1.0,17.42665221,17.42665221,0.91079931300000005
157.0,nan,nan,1.0,21.0,17.0,32.0,14.0,3.0,4.0,nan,2.0,0.0,19.0,-2.0,1.0,16.999544239999999,16.999544239999999,0.91079931300000005
157.0,nan,nan,1.0,26.0,16.0,53.0,19.0,2.0,5.0,nan,2.0,0.0,19.0,-3.0,1.0,16.572436270000001,16.572436270000001,0.91079931300000005
157.0,nan,nan,1.0,24.0,17.0,30.0,19.0,3.0,2.0,nan,2.0,0.0,19.0,-2.0,1.0,17.855793590000001,17.855793590000001,0.91079931300000005
157.0,nan,nan,1.0,28.0,20.0,38.0,21.0,4.0,3.0,nan,2.0,0.0,19.0,1.0,1.0,19.139150919999999,19.139150919999999,0.91079931300000005
157.0,nan,nan,1.0,17.0,20.0,21.0,15.0,0.0,2.0,nan,2.0,0.0,19.0,1.0,1.0,19.569575459999999,19.569575459999999,0.91079931300000005
157.0,nan,nan,1.0,23.0,20.0,25.0,22.0,1.0,0.0,nan,2.0,0.0,19.0,1.0,1.0,20.0,20.0,0.91079931300000005
157.0,nan,nan,1.0,28.0,20.0,49.0,23.0,3.0,2.0,nan,2.0,0.0,19.0,1.0,1.0,20.15210415,20.15210415,0.91079931300000005
157.0,nan,nan,1.0,28.0,24.0,19.0,21.0,5.0,2.0,nan,2.0,0.0,19.0,5.0,1.0,20.304208289999998,20.304208289999998,0.91079931300000005
157.0,nan,nan,1.0,22.0,16.0,46.0,14.0,7.0,1.0,nan,2.0,0.0,19.0,-3.0,1.0,18.734926139999999,18.734926139999999,0.91079931300000005
157.0,nan,nan,1.0,23.0,18.0,25.0,19.0,2.0,2.0,nan,2.0,0.0,19.0,-1.0,1.0,17.165643979999999,17.165643979999999,0.91079931300000005
157.0,nan,nan,1.0,17.0,17.0,40.0,14.0,0.0,3.0,nan,2.0,0.0,19.0,-2.0,1.0,17.582821989999999,17.582821989999999,0.91079931300000005
157.0,nan,nan,1.0,24.0,18.0,34.0,20.0,1.0,3.0,nan,2.0,0.0,19.0,-1.0,1.0,18.0,18.0,0.91079931300000005
157.0,nan,nan,1.0,25.0,19.0,24.0,22.0,1.0,2.0,nan,2.0,0.0,19.0,0.0,1.0,19.358000870000001,19.358000870000001,0.91079931300000005
157.0,nan,nan,1.0,23.0,21.0,20.0,20.0,1.0,2.0,nan,2.0,0.0,19.0,2.0,1.0,20.716001739999999,20.716001739999999,0.91079931300000005
157.0,nan,nan,1.0,28.0,22.0,31.0,22.0,3.0,3.0,nan,2.0,0.0,19.0,3.0,1.0,20.57517318,20.57517318,0.91079931300000005
157.0,nan,nan,1.0,29.0,19.0,46.0,23.0,4.0,2.0,nan,2.0,0.0,19.0,0.0,1.0,20.43434461,20.43434461,0.91079931300000005
157.0,nan,nan,1.0,0.0,0.0,0.0,0.0,0.0,0.0,nan,4.0,0.0,19.0,-19.0,1.0,23.0,23.0,0.94355170399999999
157.0,nan,nan,1.0,4.0,23.0,4.0,3.0,0.0,1.0,nan,4.0,0.0,19.0,4.0,1.0,22.559423349999999,22.559423349999999,0.94355170399999999
157.0,nan,nan,1.0,5.0,24.0,7.0,4.0,0.0,1.0,nan,4.0,0.0,19.0,5.0,1.0,22.118846699999999,22.118846699999999,0.94355170399999999
157.0,nan,nan,1.0,14.0,18.0,14.0,12.0,0.0,2.0,nan,4.0,0.0,19.0,-1.0,1.0,22.32707156,22.32707156,0.94355170399999999
157.0,nan,nan,1.0,7.0,26.0,3.0,7.0,0.0,0.0,nan,4.0,0.0,19.0,7.0,1.0,22.535296420000002,22.535296420000002,0.94355170399999999
157.0,nan,nan,1.0,12.0,22.0,14.0,10.0,0.0,2.0,nan,4.0,0.0,19.0,3.0,1.0,20.989892510000001,20.989892510000001,0.94355170399999999
157.0,nan,nan,1.0,13.0,18.0,9.0,9.0,3.0,1.0,nan,4.0,0.0,19.0,-1.0,1.0,19.444488610000001,19.444488610000001,0.94355170399999999
157.0,nan,nan,1.0,18.0,19.0,14.0,15.0,3.0,0.0,nan,4.0,0.0,19.0,0.0,1.0,19.94241023,19.94241023,0.94355170399999999
157.0,nan,nan,1.0,11.0,21.0,5.0,10.0,0.0,1.0,nan,4.0,0.0,19.0,2.0,1.0,20.440331860000001,20.440331860000001,0.94355170399999999
157.0,nan,nan,1.0,28.0,21.0,17.0,23.0,2.0,3.0,nan,4.0,0.0,19.0,2.0,1.0,18.712960299999999,18.712960299999999,0.94355170399999999
157.0,nan,nan,1.0,17.0,15.0,17.0,15.0,1.0,1.0,nan,4.0,0.0,19.0,-4.0,1.0,16.985588750000002,16.985588750000002,0.94355170399999999
157.0,nan,nan,1.0,23.0,16.0,23.0,18.0,1.0,4.0,nan,4.0,0.0,19.0,-3.0,1.0,18.215133869999999,18.215133869999999,0.94355170399999999
157.0,nan,nan,1.0,12.0,20.0,12.0,10.0,0.0,2.0,nan,4.0,0.0,19.0,1.0,1.0,19.444679000000001,19.444679000000001,0.94355170399999999
157.0,nan,nan,1.0,25.0,22.0,16.0,22.0,1.0,2.0,nan,4.0,0.0,19.0,3.0,1.0,20.2223395,20.2223395,0.94355170399999999
157.0,nan,nan,1.0,21.0,21.0,34.0,19.0,2.0,0.0,nan,4.0,0.0,19.0,2.0,1.0,21.0,21.0,0.94355170399999999
157.0,nan,nan,1.0,28.0,20.0,19.0,24.0,1.0,3.0,nan,4.0,0.0,19.0,1.0,1.0,20.3571116,20.3571116,0.94355170399999999
157.0,nan,nan,1.0,16.0,20.0,21.0,15.0,0.0,1.0,nan,4.0,0.0,19.0,1.0,1.0,19.71422321,19.71422321,0.94355170399999999
157.0,nan,nan,1.0,28.0,19.0,28.0,23.0,3.0,2.0,nan,4.0,0.0,19.0,0.0,1.0,18.288236250000001,18.288236250000001,0.94355170399999999
157.0,nan,nan,1.0,27.0,16.0,50.0,24.0,1.0,2.0,nan,4.0,0.0,19.0,-3.0,1.0,16.862249290000001,16.862249290000001,0.94355170399999999
157.0,nan,nan,1.0,22.0,16.0,31.0,16.0,3.0,3.0,nan,4.0,0.0,19.0,-3.0,1.0,15.94783846,15.94783846,0.94355170399999999
157.0,nan,nan,1.0,24.0,13.0,30.0,15.0,5.0,4.0,nan,4.0,0.0,19.0,-6.0,1.0,15.033427619999999,15.033427619999999,0.94355170399999999
157.0,nan,nan,1.0,20.0,17.0,19.0,17.0,0.0,3.0,nan,4.0,0.0,19.0,-2.0,1.0,14.875044470000001,14.875044470000001,0.94355170399999999
157.0,nan,nan,1.0,16.0,13.0,17.0,11.0,2.0,3.0,nan,4.0,0.0,19.0,-6.0,1.0,14.71666132,14.71666132,0.94355170399999999
157.0,nan,nan,1.0,25.0,15.0,43.0,21.0,1.0,3.0,nan,4.0,0.0,19.0,-4.0,1.0,16.217832380000001,16.217832380000001,0.94355170399999999
157.0,nan,nan,1.0,23.0,18.0,23.0,19.0,2.0,2.0,nan,4.0,0.0,19.0,-1.0,1.0,17.719003449999999,17.719003449999999,0.94355170399999999
157.0,nan,nan,1.0,25.0,20.0,46.0,19.0,4.0,2.0,nan,4.0,0.0,19.0,1.0,1.0,18.187607509999999,18.187607509999999,0.94355170399999999
157.0,nan,nan,1.0,26.0,16.0,32.0,21.0,2.0,3.0,nan,4.0,0.0,19.0,-3.0,1.0,18.65621157,18.65621157,0.94355170399999999
157.0,nan,nan,1.0,15.0,21.0,20.0,12.0,2.0,1.0,nan,4.0,0.0,19.0,2.0,1.0,19.186827860000001,19.186827860000001,0.94355170399999999
157.0,nan,nan,1.0,27.0,20.0,25.0,24.0,1.0,2.0,nan,4.0,0.0,19.0,1.0,1.0,19.717444140000001,19.717444140000001,0.94355170399999999
157.0,nan,nan,1.0,21.0,18.0,42.0,16.0,4.0,1.0,nan,4.0,0.0,19.0,-1.0,1.0,18.290506969999999,18.290506969999999,0.94355170399999999
157.0,nan,nan,1.0,25.0,18.0,29.0,22.0,1.0,2.0,nan,4.0,0.0,19.0,-1.0,1.0,16.86356979,16.86356979,0.94355170399999999
157.0,nan,nan,1.0,25.0,14.0,52.0,21.0,2.0,2.0,nan,4.0,0.0,19.0,-5.0,1.0,16.07147406,16.07147406,0.94355170399999999
157.0,nan,nan,1.0,15.0,15.0,43.0,10.0,2.0,3.0,nan,4.0,0.0,19.0,-4.0,1.0,15.27937833,15.27937833,0.94355170399999999
157.0,nan,nan,1.0,17.0,17.0,29.0,11.0,4.0,2.0,nan,4.0,0.0,19.0,-2.0,1.0,15.63968916,15.63968916,0.94355170399999999
157.0,nan,nan,1.0,20.0,16.0,59.0,15.0,2.0,3.0,nan,4.0,0.0,19.0,-3.0,1.0,16.0,16.0,0.94355170399999999
157.0,nan,nan,1.0,24.0,15.0,27.0,19.0,2.0,3.0,nan,4.0,0.0,19.0,-4.0,1.0,15.78626755,15.78626755,0.94355170399999999
157.0,nan,nan,1.0,22.0,15.0,47.0,16.0,3.0,3.0,nan,4.0,0.0,19.0,-4.0,1.0,15.572535090000001,15.572535090000001,0.94355170399999999
157.0,nan,nan,1.0,8.0,21.0,9.0,7.0,0.0,1.0,nan,3.0,0.0,20.0,1.0,1.0,24.747859399999999,24.747859399999999,0.91485258000000003
157.0,nan,nan,1.0,3.0,29.0,2.0,3.0,0.0,0.0,nan,3.0,0.0,20.0,9.0,1.0,24.624502270000001,24.624502270000001,0.91485258000000003
157.0,nan,nan,1.0,4.0,25.0,6.0,2.0,2.0,0.0,nan,3.0,0.0,20.0,5.0,1.0,24.501145149999999,24.501145149999999,0.91485258000000003
157.0,nan,nan,1.0,4.0,19.0,5.0,2.0,1.0,1.0,nan,3.0,0.0,20.0,-1.0,1.0,22.032138100000001,22.032138100000001,0.91485258000000003
157.0,nan,nan,1.0,7.0,25.0,4.0,6.0,1.0,0.0,nan,3.0,0.0,20.0,5.0,1.0,19.563131039999998,19.563131039999998,0.91485258000000003
157.0,nan,nan,1.0,8.0,14.0,7.0,5.0,0.0,3.0,nan,3.0,0.0,20.0,-6.0,1.0,18.495831939999999,18.495831939999999,0.91485258000000003
157.0,nan,nan,1.0,13.0,19.0,23.0,10.0,0.0,3.0,nan,3.0,0.0,20.0,-1.0,1.0,17.428532830000002,17.428532830000002,0.91485258000000003
157.0,nan,nan,1.0,15.0,18.0,18.0,11.0,1.0,3.0,nan,3.0,0.0,20.0,-2.0,1.0,18.530470050000002,18.530470050000002,0.91485258000000003
157.0,nan,nan,1.0,20.0,23.0,18.0,18.0,1.0,1.0,nan,3.0,0.0,20.0,3.0,1.0,19.632407270000002,19.632407270000002,0.91485258000000003
157.0,nan,nan,1.0,14.0,17.0,19.0,11.0,1.0,2.0,nan,3.0,0.0,20.0,-3.0,1.0,19.311939209999998,19.311939209999998,0.91485258000000003
157.0,nan,nan,1.0,28.0,21.0,30.0,23.0,2.0,3.0,nan,3.0,0.0,20.0,1.0,1.0,18.991471149999999,18.991471149999999,0.91485258000000003
157.0,nan,nan,1.0,20.0,18.0,17.0,17.0,3.0,0.0,nan,3.0,0.0,20.0,-2.0,1.0,19.42204461,19.42204461,0.91485258000000003
157.0,nan,nan,1.0,27.0,21.0,25.0,23.0,2.0,2.0,nan,3.0,0.0,20.0,1.0,1.0,19.852618069999998,19.852618069999998,0.91485258000000003
157.0,nan,nan,1.0,23.0,20.0,22.0,20.0,1.0,2.0,nan,3.0,0.0,20.0,0.0,1.0,20.345773269999999,20.345773269999999,0.91485258000000003
157.0,nan,nan,1.0,20.0,20.0,24.0,16.0,2.0,2.0,nan,3.0,0.0,20.0,0.0,1.0,20.838928460000002,20.838928460000002,0.91485258000000003
157.0,nan,nan,1.0,16.0,23.0,20.0,14.0,1.0,1.0,nan,3.0,0.0,20.0,3.0,1.0,20.419464229999999,20.419464229999999,0.91485258000000003
157.0,nan,nan,1.0,29.0,20.0,27.0,26.0,1.0,2.0,nan,3.0,0.0,20.0,0.0,1.0,20.0,20.0,0.91485258000000003
157.0,nan,nan,1.0,24.0,17.0,32.0,21.0,2.0,1.0,nan,3.0,0.0,20.0,-3.0,1.0,18.777537070000001,18.777537070000001,0.91485258000000003
157.0,nan,nan,1.0,21.0,17.0,28.0,17.0,2.0,2.0,nan,3.0,0.0,20.0,-3.0,1.0,17.555074139999999,17.555074139999999,0.91485258000000003
157.0,nan,nan,1.0,27.0,19.0,41.0,21.0,2.0,4.0,nan,3.0,0.0,20.0,-1.0,1.0,16.789632990000001,16.789632990000001,0.91485258000000003
157.0,nan,nan,1.0,15.0,14.0,33.0,11.0,2.0,2.0,nan,3.0,0.0,20.0,-6.0,1.0,16.02419184,16.02419184,0.91485258000000003
157.0,nan,nan,1.0,19.0,16.0,25.0,15.0,1.0,3.0,nan,3.0,0.0,20.0,-4.0,1.0,16.870527259999999,16.870527259999999,0.91485258000000003
157.0,nan,nan,1.0,25.0,18.0,54.0,21.0,2.0,2.0,nan,3.0,0.0,20.0,-2.0,1.0,17.716862679999998,17.716862679999998,0.91485258000000003
157.0,nan,nan,1.0,28.0,19.0,22.0,24.0,2.0,2.0,nan,3.0,0.0,20.0,-1.0,1.0,17.544817290000001,17.544817290000001,0.91485258000000003
157.0,nan,nan,1.0,20.0,15.0,71.0,11.0,5.0,4.0,nan,3.0,0.0,20.0,-5.0,1.0,17.372771889999999,17.372771889999999,0.91485258000000003
157.0,nan,nan,1.0,24.0,19.0,27.0,21.0,1.0,2.0,nan,3.0,0.0,20.0,-1.0,1.0,18.46524445,18.46524445,0.91485258000000003
157.0,nan,nan,1.0,15.0,21.0,35.0,12.0,2.0,1.0,nan,3.0,0.0,20.0,1.0,1.0,19.557717019999998,19.557717019999998,0.91485258000000003
157.0,nan,nan,1.0,25.0,18.0,26.0,21.0,2.0,2.0,nan,3.0,0.0,20.0,-2.0,1.0,19.41280875,19.41280875,0.91485258000000003
157.0,nan,nan,1.0,26.0,19.0,51.0,23.0,0.0,3.0,nan,3.0,0.0,20.0,-1.0,1.0,19.267900470000001,19.267900470000001,0.91485258000000003
157.0,nan,nan,1.0,26.0,21.0,23.0,24.0,0.0,2.0,nan,3.0,0.0,20.0,1.0,1.0,17.444330489999999,17.444330489999999,0.91485258000000003
157.0,nan,nan,1.0,22.0,14.0,30.0,17.0,3.0,2.0,nan,3.0,0.0,20.0,-6.0,1.0,15.62076051,15.62076051,0.91485258000000003
157.0,nan,nan,1.0,17.0,13.0,36.0,10.0,5.0,2.0,nan,3.0,0.0,20.0,-7.0,1.0,15.33877167,15.33877167,0.91485258000000003
157.0,nan,nan,1.0,19.0,18.0,44.0,17.0,0.0,2.0,nan,3.0,0.0,20.0,-2.0,1.0,15.05678283,15.05678283,0.91485258000000003
157.0,nan,nan,1.0,23.0,13.0,28.0,20.0,0.0,3.0,nan,3.0,0.0,20.0,-7.0,1.0,15.23451103,15.23451103,0.91485258000000003
157.0,nan,nan,1.0,21.0,13.0,26.0,18.0,0.0,3.0,nan,3.0,0.0,20.0,-7.0,1.0,15.412239230000001,15.412239230000001,0.91485258000000003
157.0,nan,nan,1.0,24.0,22.0,57.0,21.0,1.0,2.0,nan,3.0,0.0,20.0,2.0,1.0,17.552370889999999,17.552370889999999,0.91485258000000003
157.0,nan,nan,1.0,22.0,17.0,34.0,15.0,3.0,4.0,nan,3.0,0.0,20.0,-3.0,1.0,19.69250255,19.69250255,0.91485258000000003
157.0,nan,nan,1.0,6.0,24.0,4.0,5.0,1.0,0.0,nan,3.0,0.0,20.0,4.0,1.0,24.563364369999999,24.563364369999999,0.91069299999999997
157.0,nan,nan,1.0,6.0,24.0,9.0,2.0,3.0,1.0,nan,3.0,0.0,20.0,4.0,1.0,22.144757129999999,22.144757129999999,0.91069299999999997
157.0,nan,nan,1.0,4.0,18.0,28.0,2.0,0.0,2.0,nan,3.0,0.0,20.0,-2.0,1.0,19.726149899999999,19.726149899999999,0.91069299999999997
157.0,nan,nan,1.0,6.0,18.0,7.0,3.0,2.0,1.0,nan,3.0,0.0,20.0,-2.0,1.0,19.155329940000001,19.155329940000001,0.91069299999999997
157.0,nan,nan,1.0,3.0,20.0,6.0,2.0,1.0,0.0,nan,3.0,0.0,20.0,0.0,1.0,18.584509990000001,18.584509990000001,0.91069299999999997
157.0,nan,nan,1.0,11.0,17.0,11.0,9.0,1.0,1.0,nan,3.0,0.0,20.0,-3.0,1.0,19.257648889999999,19.257648889999999,0.91069299999999997
157.0,nan,nan,1.0,4.0,24.0,3.0,4.0,0.0,0.0,nan,3.0,0.0,20.0,4.0,1.0,19.930787800000001,19.930787800000001,0.91069299999999997
157.0,nan,nan,1.0,12.0,18.0,6.0,10.0,0.0,2.0,nan,3.0,0.0,20.0,-2.0,1.0,20.464393229999999,20.464393229999999,0.91069299999999997
157.0,nan,nan,1.0,13.0,24.0,7.0,12.0,1.0,0.0,nan,3.0,0.0,20.0,4.0,1.0,20.99799866,20.99799866,0.91069299999999997
157.0,nan,nan,1.0,15.0,20.0,13.0,10.0,2.0,3.0,nan,3.0,0.0,20.0,0.0,1.0,20.21482657,20.21482657,0.91069299999999997
157.0,nan,nan,1.0,15.0,20.0,12.0,13.0,0.0,2.0,nan,3.0,0.0,20.0,0.0,1.0,19.43165449,19.43165449,0.91069299999999997
157.0,nan,nan,1.0,23.0,18.0,22.0,19.0,1.0,3.0,nan,3.0,0.0,20.0,-2.0,1.0,19.536894239999999,19.536894239999999,0.91069299999999997
157.0,nan,nan,1.0,22.0,22.0,20.0,20.0,0.0,2.0,nan,3.0,0.0,20.0,2.0,1.0,19.642133999999999,19.642133999999999,0.91069299999999997
157.0,nan,nan,1.0,27.0,18.0,29.0,21.0,2.0,4.0,nan,3.0,0.0,20.0,-2.0,1.0,19.321066999999999,19.321066999999999,0.91069299999999997
157.0,nan,nan,1.0,22.0,19.0,56.0,13.0,6.0,3.0,nan,3.0,0.0,20.0,-1.0,1.0,19.0,19.0,0.91069299999999997
157.0,nan,nan,1.0,24.0,20.0,27.0,21.0,0.0,3.0,nan,3.0,0.0,20.0,0.0,1.0,19.57124859,19.57124859,0.91069299999999997
157.0,nan,nan,1.0,17.0,21.0,23.0,15.0,1.0,1.0,nan,3.0,0.0,20.0,1.0,1.0,20.142497179999999,20.142497179999999,0.91069299999999997
157.0,nan,nan,1.0,26.0,19.0,26.0,21.0,2.0,3.0,nan,3.0,0.0,20.0,-1.0,1.0,20.294086459999999,20.294086459999999,0.91069299999999997
157.0,nan,nan,1.0,28.0,21.0,25.0,24.0,2.0,2.0,nan,3.0,0.0,20.0,1.0,1.0,20.445675749999999,20.445675749999999,0.91069299999999997
157.0,nan,nan,1.0,27.0,21.0,30.0,22.0,3.0,2.0,nan,3.0,0.0,20.0,1.0,1.0,18.473091220000001,18.473091220000001,0.91069299999999997
157.0,nan,nan,1.0,22.0,16.0,42.0,15.0,4.0,3.0,nan,3.0,0.0,20.0,-4.0,1.0,16.500506690000002,16.500506690000002,0.91069299999999997
157.0,nan,nan,1.0,15.0,13.0,39.0,12.0,0.0,3.0,nan,3.0,0.0,20.0,-7.0,1.0,17.544144639999999,17.544144639999999,0.91069299999999997
157.0,nan,nan,1.0,25.0,22.0,26.0,23.0,1.0,1.0,nan,3.0,0.0,20.0,2.0,1.0,18.58778259,18.58778259,0.91069299999999997
157.0,nan,nan,1.0,25.0,19.0,48.0,20.0,2.0,3.0,nan,3.0,0.0,20.0,-1.0,1.0,17.933849760000001,17.933849760000001,0.91069299999999997
157.0,nan,nan,1.0,22.0,17.0,23.0,18.0,1.0,3.0,nan,3.0,0.0,20.0,-3.0,1.0,17.279916929999999,17.279916929999999,0.91069299999999997
157.0,nan,nan,1.0,25.0,16.0,31.0,21.0,2.0,2.0,nan,3.0,0.0,20.0,-4.0,1.0,18.076014910000001,18.076014910000001,0.91069299999999997
157.0,nan,nan,1.0,24.0,20.0,30.0,20.0,2.0,2.0,nan,3.0,0.0,20.0,0.0,1.0,18.872112900000001,18.872112900000001,0.91069299999999997
157.0,nan,nan,1.0,21.0,20.0,43.0,19.0,0.0,2.0,nan,3.0,0.0,20.0,0.0,1.0,18.655276229999998,18.655276229999998,0.91069299999999997
157.0,nan,nan,1.0,21.0,19.0,26.0,17.0,1.0,3.0,nan,3.0,0.0,20.0,-1.0,1.0,18.438439559999999,18.438439559999999,0.91069299999999997
157.0,nan,nan,1.0,24.0,16.0,29.0,19.0,3.0,2.0,nan,3.0,0.0,20.0,-4.0,1.0,17.855770400000001,17.855770400000001,0.91069299999999997
157.0,nan,nan,1.0,28.0,17.0,38.0,23.0,3.0,2.0,nan,3.0,0.0,20.0,-3.0,1.0,17.273101230000002,17.273101230000002,0.91069299999999997
157.0,nan,nan,1.0,28.0,19.0,41.0,22.0,3.0,3.0,nan,3.0,0.0,20.0,-1.0,1.0,16.2643576,16.2643576,0.91069299999999997
157.0,nan,nan,1.0,15.0,15.0,37.0,10.0,3.0,2.0,nan,3.0,0.0,20.0,-5.0,1.0,15.255613970000001,15.255613970000001,0.91069299999999997
157.0,nan,nan,1.0,17.0,12.0,34.0,14.0,1.0,2.0,nan,3.0,0.0,20.0,-8.0,1.0,16.040969919999998,16.040969919999998,0.91069299999999997
157.0,nan,nan,1.0,27.0,20.0,47.0,21.0,4.0,2.0,nan,3.0,0.0,20.0,0.0,1.0,16.826325870000002,16.826325870000002,0.91069299999999997
157.0,nan,nan,1.0,23.0,17.0,19.0,19.0,2.0,2.0,nan,3.0,0.0,20.0,-3.0,1.0,16.98354677,16.98354677,0.91069299999999997
157.0,nan,nan,1.0,23.0,16.0,33.0,16.0,4.0,3.0,nan,3.0,0.0,20.0,-4.0,1.0,17.140767669999999,17.140767669999999,0.91069299999999997
157.0,nan,nan,1.0,6.0,20.0,5.0,5.0,1.0,0.0,nan,4.0,0.0,20.0,0.0,1.0,19.490813020000001,19.490813020000001,0.94515979500000002
157.0,nan,nan,1.0,6.0,23.0,5.0,4.0,1.0,1.0,nan,4.0,0.0,20.0,3.0,1.0,21.060156979999999,21.060156979999999,0.94515979500000002
157.0,nan,nan,1.0,6.0,21.0,7.0,4.0,1.0,1.0,nan,4.0,0.0,20.0,1.0,1.0,22.629500950000001,22.629500950000001,0.94515979500000002
157.0,nan,nan,1.0,6.0,25.0,12.0,4.0,1.0,1.0,nan,4.0,0.0,20.0,5.0,1.0,21.63309624,21.63309624,0.94515979500000002
157.0,nan,nan,1.0,9.0,19.0,8.0,6.0,2.0,1.0,nan,4.0,0.0,20.0,-1.0,1.0,20.636691519999999,20.636691519999999,0.94515979500000002
157.0,nan,nan,1.0,11.0,19.0,10.0,8.0,3.0,0.0,nan,4.0,0.0,20.0,-1.0,1.0,20.683953500000001,20.683953500000001,0.94515979500000002
157.0,nan,nan,1.0,8.0,21.0,8.0,8.0,0.0,0.0,nan,4.0,0.0,20.0,1.0,1.0,20.731215479999999,20.731215479999999,0.94515979500000002
157.0,nan,nan,1.0,16.0,22.0,47.0,12.0,2.0,2.0,nan,4.0,0.0,20.0,2.0,1.0,18.968458500000001,18.968458500000001,0.94515979500000002
157.0,nan,nan,1.0,11.0,15.0,7.0,8.0,1.0,2.0,nan,4.0,0.0,20.0,-5.0,1.0,17.205701520000002,17.205701520000002,0.94515979500000002
157.0,nan,nan,1.0,14.0,16.0,22.0,11.0,2.0,1.0,nan,4.0,0.0,20.0,-4.0,1.0,18.779612050000001,18.779612050000001,0.94515979500000002
157.0,nan,nan,1.0,12.0,23.0,13.0,9.0,1.0,2.0,nan,4.0,0.0,20.0,3.0,1.0,20.353522569999999,20.353522569999999,0.94515979500000002
157.0,nan,nan,1.0,24.0,21.0,17.0,18.0,3.0,3.0,nan,4.0,0.0,20.0,1.0,1.0,20.533809120000001,20.533809120000001,0.94515979500000002
157.0,nan,nan,1.0,19.0,21.0,18.0,18.0,0.0,1.0,nan,4.0,0.0,20.0,1.0,1.0,20.714095669999999,20.714095669999999,0.94515979500000002
157.0,nan,nan,1.0,23.0,20.0,13.0,18.0,3.0,2.0,nan,4.0,0.0,20.0,0.0,1.0,20.49839416,20.49839416,0.94515979500000002
157.0,nan,nan,1.0,17.0,20.0,14.0,14.0,1.0,2.0,nan,4.0,0.0,20.0,0.0,1.0,20.28269264,20.28269264,0.94515979500000002
157.0,nan,nan,1.0,27.0,21.0,24.0,23.0,2.0,2.0,nan,4.0,0.0,20.0,1.0,1.0,19.4243682,19.4243682,0.94515979500000002
157.0,nan,nan,1.0,13.0,18.0,19.0,12.0,0.0,1.0,nan,4.0,0.0,20.0,-2.0,1.0,18.566043759999999,18.566043759999999,0.94515979500000002
157.0,nan,nan,1.0,26.0,17.0,35.0,22.0,1.0,3.0,nan,4.0,0.0,20.0,-3.0,1.0,17.704410639999999,17.704410639999999,0.94515979500000002
157.0,nan,nan,1.0,29.0,18.0,32.0,24.0,3.0,2.0,nan,4.0,0.0,20.0,-2.0,1.0,16.842777519999999,16.842777519999999,0.94515979500000002
157.0,nan,nan,1.0,14.0,15.0,50.0,12.0,1.0,1.0,nan,4.0,0.0,20.0,-5.0,1.0,14.997262539999999,14.997262539999999,0.94515979500000002
157.0,nan,nan,1.0,24.0,12.0,59.0,18.0,2.0,4.0,nan,4.0,0.0,20.0,-8.0,1.0,13.15174756,13.15174756,0.94515979500000002
157.0,nan,nan,1.0,17.0,13.0,14.0,12.0,3.0,2.0,nan,4.0,0.0,20.0,-7.0,1.0,14.20532083,14.20532083,0.94515979500000002
157.0,nan,nan,1.0,22.0,17.0,25.0,19.0,2.0,1.0,nan,4.0,0.0,20.0,-3.0,1.0,15.258894099999999,15.258894099999999,0.94515979500000002
157.0,nan,nan,1.0,23.0,15.0,67.0,16.0,4.0,3.0,nan,4.0,0.0,20.0,-5.0,1.0,16.346701800000002,16.346701800000002,0.94515979500000002
157.0,nan,nan,1.0,27.0,18.0,32.0,22.0,3.0,2.0,nan,4.0,0.0,20.0,-2.0,1.0,17.434509500000001,17.434509500000001,0.94515979500000002
157.0,nan,nan,1.0,25.0,19.0,45.0,21.0,2.0,2.0,nan,4.0,0.0,20.0,-1.0,1.0,17.832554139999999,17.832554139999999,0.94515979500000002
157.0,nan,nan,1.0,22.0,15.0,32.0,20.0,0.0,2.0,nan,4.0,0.0,20.0,-5.0,1.0,18.230598780000001,18.230598780000001,0.94515979500000002
157.0,nan,nan,1.0,17.0,22.0,36.0,16.0,0.0,1.0,nan,4.0,0.0,20.0,2.0,1.0,18.410381619999999,18.410381619999999,0.94515979500000002
157.0,nan,nan,1.0,26.0,15.0,31.0,19.0,4.0,3.0,nan,4.0,0.0,20.0,-5.0,1.0,18.590164470000001,18.590164470000001,0.94515979500000002
157.0,nan,nan,1.0,24.0,20.0,36.0,20.0,2.0,2.0,nan,4.0,0.0,20.0,0.0,1.0,18.367072919999998,18.367072919999998,0.94515979500000002
157.0,nan,nan,1.0,23.0,17.0,32.0,17.0,3.0,3.0,nan,4.0,0.0,20.0,-3.0,1.0,18.14398138,18.14398138,0.94515979500000002
157.0,nan,nan,1.0,24.0,18.0,32.0,20.0,1.0,3.0,nan,4.0,0.0,20.0,-2.0,1.0,17.785105940000001,17.785105940000001,0.94515979500000002
157.0,nan,nan,1.0,18.0,18.0,32.0,16.0,0.0,2.0,nan,4.0,0.0,20.0,-2.0,1.0,17.426230499999999,17.426230499999999,0.94515979500000002
157.0,nan,nan,1.0,19.0,16.0,63.0,14.0,4.0,1.0,nan,4.0,0.0,20.0,-4.0,1.0,16.442680459999998,16.442680459999998,0.94515979500000002
157.0,nan,nan,1.0,21.0,14.0,67.0,18.0,0.0,3.0,nan,4.0,0.0,20.0,-6.0,1.0,15.459130419999999,15.459130419999999,0.94515979500000002
157.0,nan,nan,1.0,22.0,17.0,23.0,16.0,4.0,2.0,nan,4.0,0.0,20.0,-3.0,1.0,17.229565210000001,17.229565210000001,0.94515979500000002
157.0,nan,nan,1.0,28.0,19.0,36.0,23.0,3.0,2.0,nan,4.0,0.0,20.0,-1.0,1.0,19.0,19.0,0.94515979500000002
157.0,nan,nan,1.0,6.0,27.0,5.0,5.0,0.0,1.0,nan,2.0,0.0,19.0,8.0,1.0,20.369331330000001,20.369331330000001,0.93391933900000002
157.0,nan,nan,1.0,11.0,17.0,13.0,8.0,1.0,2.0,nan,2.0,0.0,19.0,-2.0,1.0,19.321827620000001,19.321827620000001,0.93391933900000002
157.0,nan,nan,1.0,8.0,25.0,4.0,7.0,1.0,0.0,nan,2.0,0.0,19.0,6.0,1.0,18.27432391,18.27432391,0.93391933900000002
157.0,nan,nan,1.0,14.0,16.0,10.0,13.0,0.0,1.0,nan,2.0,0.0,19.0,-3.0,1.0,18.63244778,18.63244778,0.93391933900000002
157.0,nan,nan,1.0,13.0,18.0,14.0,9.0,3.0,1.0,nan,2.0,0.0,19.0,-1.0,1.0,18.990571639999999,18.990571639999999,0.93391933900000002
157.0,nan,nan,1.0,15.0,24.0,8.0,13.0,1.0,1.0,nan,2.0,0.0,19.0,5.0,1.0,20.41249771,20.41249771,0.93391933900000002
157.0,nan,nan,1.0,17.0,20.0,20.0,14.0,0.0,3.0,nan,2.0,0.0,19.0,1.0,1.0,21.834423780000002,21.834423780000002,0.93391933900000002
157.0,nan,nan,1.0,13.0,23.0,13.0,9.0,1.0,3.0,nan,2.0,0.0,19.0,4.0,1.0,20.463162659999998,20.463162659999998,0.93391933900000002
157.0,nan,nan,1.0,16.0,18.0,9.0,12.0,2.0,2.0,nan,2.0,0.0,19.0,-1.0,1.0,19.091901549999999,19.091901549999999,0.93391933900000002
157.0,nan,nan,1.0,25.0,17.0,16.0,23.0,0.0,2.0,nan,2.0,0.0,19.0,-2.0,1.0,18.827371889999998,18.827371889999998,0.93391933900000002
157.0,nan,nan,1.0,12.0,20.0,9.0,9.0,0.0,3.0,nan,2.0,0.0,19.0,1.0,1.0,18.562842230000001,18.562842230000001,0.93391933900000002
157.0,nan,nan,1.0,30.0,18.0,24.0,25.0,2.0,3.0,nan,2.0,0.0,19.0,-1.0,1.0,17.863163409999999,17.863163409999999,0.93391933900000002
157.0,nan,nan,1.0,20.0,16.0,49.0,14.0,3.0,3.0,nan,2.0,0.0,19.0,-3.0,1.0,17.163484589999999,17.163484589999999,0.93391933900000002
157.0,nan,nan,1.0,25.0,18.0,25.0,19.0,4.0,2.0,nan,2.0,0.0,19.0,-1.0,1.0,18.198631469999999,18.198631469999999,0.93391933900000002
157.0,nan,nan,1.0,25.0,21.0,43.0,21.0,2.0,2.0,nan,2.0,0.0,19.0,2.0,1.0,19.233778350000001,19.233778350000001,0.93391933900000002
157.0,nan,nan,1.0,19.0,18.0,26.0,14.0,2.0,3.0,nan,2.0,0.0,19.0,-1.0,1.0,19.23789936,19.23789936,0.93391933900000002
157.0,nan,nan,1.0,22.0,21.0,20.0,20.0,1.0,1.0,nan,2.0,0.0,19.0,2.0,1.0,19.242020369999999,19.242020369999999,0.93391933900000002
157.0,nan,nan,1.0,29.0,18.0,27.0,25.0,1.0,3.0,nan,2.0,0.0,19.0,-1.0,1.0,18.891195110000002,18.891195110000002,0.93391933900000002
157.0,nan,nan,1.0,31.0,20.0,23.0,24.0,5.0,2.0,nan,2.0,0.0,19.0,1.0,1.0,18.540369850000001,18.540369850000001,0.93391933900000002
157.0,nan,nan,1.0,27.0,17.0,31.0,21.0,4.0,2.0,nan,2.0,0.0,19.0,-2.0,1.0,16.53108439,16.53108439,0.93391933900000002
157.0,nan,nan,1.0,26.0,14.0,51.0,20.0,4.0,2.0,nan,2.0,0.0,19.0,-5.0,1.0,14.52179892,14.52179892,0.93391933900000002
157.0,nan,nan,1.0,12.0,13.0,33.0,7.0,2.0,3.0,nan,2.0,0.0,19.0,-6.0,1.0,16.536249380000001,16.536249380000001,0.93391933900000002
157.0,nan,nan,1.0,23.0,19.0,27.0,18.0,3.0,2.0,nan,2.0,0.0,19.0,0.0,1.0,18.55069984,18.55069984,0.93391933900000002
157.0,nan,nan,1.0,28.0,23.0,34.0,25.0,1.0,2.0,nan,2.0,0.0,19.0,4.0,1.0,18.666565550000001,18.666565550000001,0.93391933900000002
157.0,nan,nan,1.0,25.0,17.0,29.0,22.0,0.0,3.0,nan,2.0,0.0,19.0,-2.0,1.0,18.782431259999999,18.782431259999999,0.93391933900000002
157.0,nan,nan,1.0,20.0,18.0,58.0,14.0,1.0,5.0,nan,2.0,0.0,19.0,-1.0,1.0,18.31932394,18.31932394,0.93391933900000002
157.0,nan,nan,1.0,20.0,17.0,17.0,17.0,0.0,3.0,nan,2.0,0.0,19.0,-2.0,1.0,17.856216610000001,17.856216610000001,0.93391933900000002
157.0,nan,nan,1.0,21.0,19.0,22.0,19.0,1.0,1.0,nan,2.0,0.0,19.0,0.0,1.0,17.64262999,17.64262999,0.93391933900000002
157.0,nan,nan,1.0,25.0,16.0,33.0,18.0,4.0,3.0,nan,2.0,0.0,19.0,-3.0,1.0,17.429043369999999,17.429043369999999,0.93391933900000002
157.0,nan,nan,1.0,28.0,18.0,41.0,23.0,3.0,2.0,nan,2.0,0.0,19.0,-1.0,1.0,16.42123003,16.42123003,0.93391933900000002
157.0,nan,nan,1.0,19.0,13.0,37.0,14.0,2.0,3.0,nan,2.0,0.0,19.0,-6.0,1.0,15.41341669,15.41341669,0.93391933900000002
157.0,nan,nan,1.0,24.0,16.0,31.0,21.0,1.0,2.0,nan,2.0,0.0,19.0,-3.0,1.0,15.43644347,15.43644347,0.93391933900000002
157.0,nan,nan,1.0,12.0,14.0,34.0,8.0,2.0,2.0,nan,2.0,0.0,19.0,-5.0,1.0,15.459470250000001,15.459470250000001,0.93391933900000002
157.0,nan,nan,1.0,23.0,17.0,30.0,17.0,4.0,2.0,nan,2.0,0.0,19.0,-2.0,1.0,16.160724099999999,16.160724099999999,0.93391933900000002
157.0,nan,nan,1.0,25.0,16.0,59.0,18.0,2.0,5.0,nan,2.0,0.0,19.0,-3.0,1.0,16.861977939999999,16.861977939999999,0.93391933900000002
157.0,nan,nan,1.0,24.0,18.0,20.0,18.0,4.0,2.0,nan,2.0,0.0,19.0,-1.0,1.0,17.566334189999999,17.566334189999999,0.93391933900000002
157.0,nan,nan,1.0,28.0,20.0,36.0,24.0,1.0,3.0,nan,2.0,0.0,19.0,1.0,1.0,18.270690429999998,18.270690429999998,0.93391933900000002
157.0,nan,nan,1.0,11.0,27.0,10.0,8.0,2.0,1.0,nan,2.0,0.0,19.0,8.0,1.0,20.027036800000001,20.027036800000001,0.91564098900000002
157.0,nan,nan,1.0,13.0,14.0,27.0,10.0,0.0,3.0,nan,2.0,0.0,19.0,-5.0,1.0,19.513518399999999,19.513518399999999,0.91564098900000002
157.0,nan,nan,1.0,12.0,19.0,36.0,10.0,1.0,1.0,nan,2.0,0.0,19.0,0.0,1.0,19.0,19.0,0.91564098900000002
157.0,nan,nan,1.0,13.0,24.0,6.0,9.0,2.0,2.0,nan,2.0,0.0,19.0,5.0,1.0,19.377872029999999,19.377872029999999,0.91564098900000002
157.0,nan,nan,1.0,24.0,19.0,17.0,19.0,2.0,3.0,nan,2.0,0.0,19.0,0.0,1.0,19.755744060000001,19.755744060000001,0.91564098900000002
157.0,nan,nan,1.0,17.0,17.0,11.0,15.0,0.0,2.0,nan,2.0,0.0,19.0,-2.0,1.0,19.09750142,19.09750142,0.91564098900000002
157.0,nan,nan,1.0,25.0,19.0,19.0,22.0,1.0,2.0,nan,2.0,0.0,19.0,0.0,1.0,18.439258779999999,18.439258779999999,0.91564098900000002
157.0,nan,nan,1.0,22.0,19.0,15.0,17.0,1.0,4.0,nan,2.0,0.0,19.0,0.0,1.0,17.94188037,17.94188037,0.91564098900000002
157.0,nan,nan,1.0,21.0,19.0,15.0,18.0,2.0,1.0,nan,2.0,0.0,19.0,0.0,1.0,17.444501970000001,17.444501970000001,0.91564098900000002
157.0,nan,nan,1.0,18.0,13.0,11.0,15.0,0.0,3.0,nan,2.0,0.0,19.0,-6.0,1.0,17.660759429999999,17.660759429999999,0.91564098900000002
157.0,nan,nan,1.0,28.0,20.0,15.0,24.0,2.0,2.0,nan,2.0,0.0,19.0,1.0,1.0,17.877016900000001,17.877016900000001,0.91564098900000002
157.0,nan,nan,1.0,20.0,19.0,18.0,15.0,2.0,3.0,nan,2.0,0.0,19.0,0.0,1.0,18.580888720000001,18.580888720000001,0.91564098900000002
157.0,nan,nan,1.0,22.0,19.0,39.0,19.0,2.0,1.0,nan,2.0,0.0,19.0,0.0,1.0,19.284760540000001,19.284760540000001,0.91564098900000002
157.0,nan,nan,1.0,23.0,20.0,21.0,20.0,1.0,2.0,nan,2.0,0.0,19.0,1.0,1.0,18.864533430000002,18.864533430000002,0.91564098900000002
157.0,nan,nan,1.0,28.0,17.0,44.0,25.0,0.0,3.0,nan,2.0,0.0,19.0,-2.0,1.0,18.444306319999999,18.444306319999999,0.91564098900000002
157.0,nan,nan,1.0,20.0,19.0,27.0,18.0,0.0,2.0,nan,2.0,0.0,19.0,0.0,1.0,19.851640440000001,19.851640440000001,0.91564098900000002
157.0,nan,nan,1.0,26.0,23.0,23.0,24.0,1.0,1.0,nan,2.0,0.0,19.0,4.0,1.0,21.258974550000001,21.258974550000001,0.91564098900000002
157.0,nan,nan,1.0,31.0,21.0,42.0,28.0,1.0,2.0,nan,2.0,0.0,19.0,2.0,1.0,19.55735546,19.55735546,0.91564098900000002
157.0,nan,nan,1.0,25.0,17.0,19.0,21.0,2.0,2.0,nan,2.0,0.0,19.0,-2.0,1.0,17.855736369999999,17.855736369999999,0.91564098900000002
157.0,nan,nan,1.0,24.0,16.0,46.0,21.0,1.0,2.0,nan,2.0,0.0,19.0,-3.0,1.0,16.51288388,16.51288388,0.91564098900000002
157.0,nan,nan,1.0,22.0,16.0,39.0,20.0,0.0,2.0,nan,2.0,0.0,19.0,-3.0,1.0,15.170031399999999,15.170031399999999,0.91564098900000002
157.0,nan,nan,1.0,12.0,13.0,27.0,8.0,3.0,1.0,nan,2.0,0.0,19.0,-6.0,1.0,15.932574649999999,15.932574649999999,0.91564098900000002
157.0,nan,nan,1.0,29.0,19.0,30.0,25.0,1.0,3.0,nan,2.0,0.0,19.0,0.0,1.0,16.69511791,16.69511791,0.91564098900000002
157.0,nan,nan,1.0,26.0,17.0,35.0,22.0,2.0,2.0,nan,2.0,0.0,19.0,-2.0,1.0,17.060853810000001,17.060853810000001,0.91564098900000002
157.0,nan,nan,1.0,22.0,18.0,27.0,17.0,2.0,3.0,nan,2.0,0.0,19.0,-1.0,1.0,17.426589700000001,17.426589700000001,0.91564098900000002
157.0,nan,nan,1.0,28.0,17.0,31.0,23.0,3.0,2.0,nan,2.0,0.0,19.0,-2.0,1.0,16.43674824,16.43674824,0.91564098900000002
157.0,nan,nan,1.0,14.0,16.0,31.0,10.0,2.0,2.0,nan,2.0,0.0,19.0,-3.0,1.0,15.446906780000001,15.446906780000001,0.91564098900000002
157.0,nan,nan,1.0,20.0,13.0,46.0,15.0,3.0,2.0,nan,2.0,0.0,19.0,-6.0,1.0,15.75578586,15.75578586,0.91564098900000002
157.0,nan,nan,1.0,27.0,21.0,52.0,21.0,3.0,3.0,nan,2.0,0.0,19.0,2.0,1.0,16.064664929999999,16.064664929999999,0.91564098900000002
157.0,nan,nan,1.0,28.0,14.0,33.0,23.0,2.0,3.0,nan,2.0,0.0,19.0,-5.0,1.0,16.269725449999999,16.269725449999999,0.91564098900000002
157.0,nan,nan,1.0,28.0,21.0,49.0,26.0,0.0,2.0,nan,2.0,0.0,19.0,2.0,1.0,16.47478598,16.47478598,0.91564098900000002
157.0,nan,nan,1.0,19.0,14.0,67.0,10.0,4.0,5.0,nan,2.0,0.0,19.0,-5.0,1.0,16.171161349999998,16.171161349999998,0.91564098900000002
157.0,nan,nan,1.0,17.0,17.0,41.0,11.0,4.0,2.0,nan,2.0,0.0,19.0,-2.0,1.0,15.86753671,15.86753671,0.91564098900000002
157.0,nan,nan,1.0,25.0,16.0,37.0,19.0,4.0,2.0,nan,2.0,0.0,19.0,-3.0,1.0,15.633179670000001,15.633179670000001,0.91564098900000002
157.0,nan,nan,1.0,25.0,18.0,34.0,18.0,3.0,4.0,nan,2.0,0.0,19.0,-1.0,1.0,15.39882263,15.39882263,0.91564098900000002
157.0,nan,nan,1.0,18.0,11.0,37.0,12.0,4.0,2.0,nan,2.0,0.0,19.0,-8.0,1.0,14.22861222,14.22861222,0.91564098900000002
157.0,nan,nan,1.0,24.0,15.0,31.0,17.0,3.0,4.0,nan,2.0,0.0,19.0,-4.0,1.0,13.05840182,13.05840182,0.91564098900000002
157.0,nan,nan,1.0,10.0,23.0,8.0,6.0,3.0,1.0,nan,1.0,0.0,15.0,8.0,1.0,20.044743480000001,20.044743480000001,0.91761442199999999
157.0,nan,nan,1.0,13.0,19.0,10.0,9.0,1.0,3.0,nan,1.0,0.0,15.0,4.0,1.0,21.078461229999998,21.078461229999998,0.91761442199999999
157.0,nan,nan,1.0,9.0,26.0,7.0,7.0,2.0,0.0,nan,1.0,0.0,15.0,11.0,1.0,22.112178979999999,22.112178979999999,0.91761442199999999
157.0,nan,nan,1.0,12.0,20.0,20.0,9.0,1.0,2.0,nan,1.0,0.0,15.0,5.0,1.0,23.269353550000002,23.269353550000002,0.91761442199999999
157.0,nan,nan,1.0,13.0,28.0,7.0,11.0,1.0,1.0,nan,1.0,0.0,15.0,13.0,1.0,24.42652812,24.42652812,0.91761442199999999
157.0,nan,nan,1.0,15.0,24.0,8.0,11.0,1.0,3.0,nan,1.0,0.0,15.0,9.0,1.0,23.105081930000001,23.105081930000001,0.91761442199999999
157.0,nan,nan,1.0,14.0,24.0,10.0,11.0,3.0,0.0,nan,1.0,0.0,15.0,9.0,1.0,21.78363573,21.78363573,0.91761442199999999
157.0,nan,nan,1.0,14.0,16.0,12.0,9.0,3.0,2.0,nan,1.0,0.0,15.0,1.0,1.0,20.25757952,20.25757952,0.91761442199999999
157.0,nan,nan,1.0,18.0,19.0,15.0,16.0,1.0,1.0,nan,1.0,0.0,15.0,4.0,1.0,18.731523299999999,18.731523299999999,0.91761442199999999
157.0,nan,nan,1.0,29.0,21.0,26.0,26.0,0.0,3.0,nan,1.0,0.0,15.0,6.0,1.0,19.93801496,19.93801496,0.91761442199999999
157.0,nan,nan,1.0,26.0,22.0,15.0,22.0,3.0,1.0,nan,1.0,0.0,15.0,7.0,1.0,21.144506620000001,21.144506620000001,0.91761442199999999
157.0,nan,nan,1.0,26.0,20.0,23.0,22.0,3.0,1.0,nan,1.0,0.0,15.0,5.0,1.0,21.299619400000001,21.299619400000001,0.91761442199999999
157.0,nan,nan,1.0,23.0,25.0,28.0,20.0,2.0,1.0,nan,1.0,0.0,15.0,10.0,1.0,21.454732190000001,21.454732190000001,0.91761442199999999
157.0,nan,nan,1.0,17.0,18.0,27.0,11.0,4.0,2.0,nan,1.0,0.0,15.0,3.0,1.0,21.49306013,21.49306013,0.91761442199999999
157.0,nan,nan,1.0,26.0,21.0,27.0,22.0,2.0,2.0,nan,1.0,0.0,15.0,6.0,1.0,21.531388079999999,21.531388079999999,0.91761442199999999
157.0,nan,nan,1.0,20.0,26.0,17.0,16.0,1.0,3.0,nan,1.0,0.0,15.0,11.0,1.0,22.540281870000001,22.540281870000001,0.91761442199999999
157.0,nan,nan,1.0,22.0,23.0,41.0,20.0,1.0,1.0,nan,1.0,0.0,15.0,8.0,1.0,23.549175649999999,23.549175649999999,0.91761442199999999
157.0,nan,nan,1.0,25.0,22.0,31.0,22.0,1.0,2.0,nan,1.0,0.0,15.0,7.0,1.0,20.6391563,20.6391563,0.91761442199999999
157.0,nan,nan,1.0,26.0,16.0,35.0,17.0,4.0,5.0,nan,1.0,0.0,15.0,1.0,1.0,17.72913694,17.72913694,0.91761442199999999
157.0,nan,nan,1.0,27.0,16.0,45.0,23.0,2.0,2.0,nan,1.0,0.0,15.0,1.0,1.0,17.37406081,17.37406081,0.91761442199999999
157.0,nan,nan,1.0,25.0,15.0,40.0,20.0,3.0,2.0,nan,1.0,0.0,15.0,0.0,1.0,17.01898469,17.01898469,0.91761442199999999
157.0,nan,nan,1.0,17.0,21.0,23.0,15.0,1.0,1.0,nan,1.0,0.0,15.0,6.0,1.0,19.066323359999998,19.066323359999998,0.91761442199999999
157.0,nan,nan,1.0,26.0,20.0,25.0,22.0,2.0,2.0,nan,1.0,0.0,15.0,5.0,1.0,21.11366203,21.11366203,0.91761442199999999
157.0,nan,nan,1.0,26.0,23.0,31.0,20.0,2.0,4.0,nan,1.0,0.0,15.0,8.0,1.0,20.187383919999998,20.187383919999998,0.91761442199999999
157.0,nan,nan,1.0,24.0,16.0,43.0,19.0,3.0,2.0,nan,1.0,0.0,15.0,1.0,1.0,19.26110581,19.26110581,0.91761442199999999
157.0,nan,nan,1.0,28.0,20.0,37.0,24.0,2.0,2.0,nan,1.0,0.0,15.0,5.0,1.0,18.9157188,18.9157188,0.91761442199999999
157.0,nan,nan,1.0,17.0,18.0,32.0,15.0,0.0,2.0,nan,1.0,0.0,15.0,3.0,1.0,18.570331790000001,18.570331790000001,0.91761442199999999
157.0,nan,nan,1.0,23.0,18.0,37.0,22.0,0.0,1.0,nan,1.0,0.0,15.0,3.0,1.0,18.913699250000001,18.913699250000001,0.91761442199999999
157.0,nan,nan,1.0,28.0,21.0,58.0,25.0,1.0,2.0,nan,1.0,0.0,15.0,6.0,1.0,19.257066699999999,19.257066699999999,0.91761442199999999
157.0,nan,nan,1.0,27.0,18.0,27.0,21.0,4.0,2.0,nan,1.0,0.0,15.0,3.0,1.0,18.458713589999999,18.458713589999999,0.91761442199999999
157.0,nan,nan,1.0,27.0,20.0,25.0,24.0,1.0,2.0,nan,1.0,0.0,15.0,5.0,1.0,17.660360480000001,17.660360480000001,0.91761442199999999
157.0,nan,nan,1.0,19.0,14.0,28.0,14.0,2.0,3.0,nan,1.0,0.0,15.0,-1.0,1.0,15.830180240000001,15.830180240000001,0.91761442199999999
157.0,nan,nan,1.0,14.0,14.0,34.0,13.0,0.0,1.0,nan,1.0,0.0,15.0,-1.0,1.0,14.0,14.0,0.91761442199999999
157.0,nan,nan,1.0,19.0,14.0,39.0,13.0,4.0,2.0,nan,1.0,0.0,15.0,-1.0,1.0,14.829142539999999,14.829142539999999,0.91761442199999999
157.0,nan,nan,1.0,22.0,18.0,47.0,17.0,2.0,3.0,nan,1.0,0.0,15.0,3.0,1.0,15.658285080000001,15.658285080000001,0.91761442199999999
157.0,nan,nan,1.0,21.0,14.0,27.0,16.0,3.0,2.0,nan,1.0,0.0,15.0,-1.0,1.0,15.6154736,15.6154736,0.91761442199999999
157.0,nan,nan,1.0,24.0,17.0,17.0,20.0,3.0,1.0,nan,1.0,0.0,15.0,2.0,1.0,15.57266212,15.57266212,0.91761442199999999
157.0,nan,nan,1.0,6.0,23.0,8.0,4.0,1.0,1.0,nan,3.0,0.0,19.0,4.0,1.0,24.626285129999999,24.626285129999999,0.90189177899999995
157.0,nan,nan,1.0,5.0,25.0,8.0,4.0,1.0,0.0,nan,3.0,0.0,19.0,6.0,1.0,23.76535398,23.76535398,0.90189177899999995
157.0,nan,nan,1.0,5.0,25.0,7.0,4.0,1.0,0.0,nan,3.0,0.0,19.0,6.0,1.0,22.904422830000001,22.904422830000001,0.90189177899999995
157.0,nan,nan,1.0,10.0,17.0,22.0,8.0,0.0,2.0,nan,3.0,0.0,19.0,-2.0,1.0,21.685880470000001,21.685880470000001,0.90189177899999995
157.0,nan,nan,1.0,18.0,22.0,23.0,15.0,1.0,2.0,nan,3.0,0.0,19.0,3.0,1.0,20.467338099999999,20.467338099999999,0.90189177899999995
157.0,nan,nan,1.0,6.0,21.0,5.0,6.0,0.0,0.0,nan,3.0,0.0,19.0,2.0,1.0,19.43864258,19.43864258,0.90189177899999995
157.0,nan,nan,1.0,16.0,17.0,20.0,13.0,1.0,2.0,nan,3.0,0.0,19.0,-2.0,1.0,18.40994706,18.40994706,0.90189177899999995
157.0,nan,nan,1.0,11.0,18.0,13.0,9.0,1.0,1.0,nan,3.0,0.0,19.0,-1.0,1.0,20.191624659999999,20.191624659999999,0.90189177899999995
157.0,nan,nan,1.0,17.0,24.0,11.0,14.0,2.0,1.0,nan,3.0,0.0,19.0,5.0,1.0,21.97330225,21.97330225,0.90189177899999995
157.0,nan,nan,1.0,13.0,23.0,20.0,11.0,0.0,2.0,nan,3.0,0.0,19.0,4.0,1.0,22.129283520000001,22.129283520000001,0.90189177899999995
157.0,nan,nan,1.0,22.0,22.0,21.0,17.0,2.0,3.0,nan,3.0,0.0,19.0,3.0,1.0,22.2852648,22.2852648,0.90189177899999995
157.0,nan,nan,1.0,22.0,22.0,44.0,20.0,1.0,1.0,nan,3.0,0.0,19.0,3.0,1.0,22.488784549999998,22.488784549999998,0.90189177899999995
157.0,nan,nan,1.0,30.0,25.0,22.0,27.0,1.0,2.0,nan,3.0,0.0,19.0,6.0,1.0,22.692304310000001,22.692304310000001,0.90189177899999995
157.0,nan,nan,1.0,20.0,20.0,33.0,15.0,4.0,1.0,nan,3.0,0.0,19.0,1.0,1.0,22.85815728,22.85815728,0.90189177899999995
157.0,nan,nan,1.0,26.0,26.0,21.0,24.0,1.0,1.0,nan,3.0,0.0,19.0,7.0,1.0,23.02401025,23.02401025,0.90189177899999995
157.0,nan,nan,1.0,14.0,22.0,18.0,11.0,2.0,1.0,nan,3.0,0.0,19.0,3.0,1.0,22.442370180000001,22.442370180000001,0.90189177899999995
157.0,nan,nan,1.0,28.0,26.0,34.0,25.0,1.0,2.0,nan,3.0,0.0,19.0,7.0,1.0,21.860730100000001,21.860730100000001,0.90189177899999995
157.0,nan,nan,1.0,27.0,17.0,30.0,22.0,3.0,2.0,nan,3.0,0.0,19.0,-2.0,1.0,19.874983589999999,19.874983589999999,0.90189177899999995
157.0,nan,nan,1.0,26.0,19.0,30.0,23.0,1.0,2.0,nan,3.0,0.0,19.0,0.0,1.0,17.88923707,17.88923707,0.90189177899999995
157.0,nan,nan,1.0,27.0,17.0,39.0,22.0,3.0,2.0,nan,3.0,0.0,19.0,-2.0,1.0,17.27625403,17.27625403,0.90189177899999995
157.0,nan,nan,1.0,16.0,13.0,45.0,12.0,1.0,3.0,nan,3.0,0.0,19.0,-6.0,1.0,16.663270990000001,16.663270990000001,0.90189177899999995
157.0,nan,nan,1.0,24.0,21.0,26.0,19.0,3.0,2.0,nan,3.0,0.0,19.0,2.0,1.0,17.661373560000001,17.661373560000001,0.90189177899999995
157.0,nan,nan,1.0,23.0,17.0,56.0,16.0,4.0,3.0,nan,3.0,0.0,19.0,-2.0,1.0,18.659476130000002,18.659476130000002,0.90189177899999995
157.0,nan,nan,1.0,25.0,19.0,19.0,22.0,1.0,2.0,nan,3.0,0.0,19.0,0.0,1.0,18.110959619999999,18.110959619999999,0.90189177899999995
157.0,nan,nan,1.0,26.0,17.0,50.0,21.0,3.0,2.0,nan,3.0,0.0,19.0,-2.0,1.0,17.562443099999999,17.562443099999999,0.90189177899999995
157.0,nan,nan,1.0,23.0,17.0,28.0,19.0,2.0,2.0,nan,3.0,0.0,19.0,-2.0,1.0,18.939104369999999,18.939104369999999,0.90189177899999995
157.0,nan,nan,1.0,18.0,23.0,36.0,16.0,0.0,2.0,nan,3.0,0.0,19.0,4.0,1.0,20.315765639999999,20.315765639999999,0.90189177899999995
157.0,nan,nan,1.0,28.0,20.0,40.0,24.0,2.0,2.0,nan,3.0,0.0,19.0,1.0,1.0,18.882969760000002,18.882969760000002,0.90189177899999995
157.0,nan,nan,1.0,25.0,16.0,49.0,20.0,0.0,5.0,nan,3.0,0.0,19.0,-3.0,1.0,17.45017387,17.45017387,0.90189177899999995
157.0,nan,nan,1.0,24.0,17.0,28.0,17.0,5.0,2.0,nan,3.0,0.0,19.0,-2.0,1.0,17.012133460000001,17.012133460000001,0.90189177899999995
157.0,nan,nan,1.0,27.0,16.0,36.0,23.0,2.0,2.0,nan,3.0,0.0,19.0,-3.0,1.0,16.574093040000001,16.574093040000001,0.90189177899999995
157.0,nan,nan,1.0,17.0,17.0,52.0,11.0,2.0,4.0,nan,3.0,0.0,19.0,-2.0,1.0,17.260702569999999,17.260702569999999,0.90189177899999995
157.0,nan,nan,1.0,23.0,20.0,24.0,19.0,3.0,1.0,nan,3.0,0.0,19.0,1.0,1.0,17.94731209,17.94731209,0.90189177899999995
157.0,nan,nan,1.0,26.0,16.0,52.0,23.0,1.0,2.0,nan,3.0,0.0,19.0,-3.0,1.0,17.677934230000002,17.677934230000002,0.90189177899999995
157.0,nan,nan,1.0,25.0,20.0,28.0,20.0,1.0,4.0,nan,3.0,0.0,19.0,1.0,1.0,17.408556359999999,17.408556359999999,0.90189177899999995
157.0,nan,nan,1.0,19.0,15.0,46.0,14.0,3.0,2.0,nan,3.0,0.0,19.0,-4.0,1.0,18.01014198,18.01014198,0.90189177899999995
157.0,nan,nan,1.0,25.0,20.0,25.0,19.0,4.0,2.0,nan,3.0,0.0,19.0,1.0,1.0,18.611727590000001,18.611727590000001,0.90189177899999995
157.0,nan,nan,1.0,6.0,28.0,5.0,5.0,0.0,1.0,nan,1.0,0.0,21.0,7.0,1.0,28.0,28.0,0.90670716900000004
157.0,nan,nan,1.0,4.0,34.0,2.0,4.0,0.0,0.0,nan,1.0,0.0,21.0,13.0,1.0,27.60222735,27.60222735,0.90670716900000004
157.0,nan,nan,1.0,4.0,27.0,5.0,2.0,1.0,1.0,nan,1.0,0.0,21.0,6.0,1.0,27.20445471,27.20445471,0.90670716900000004
157.0,nan,nan,1.0,6.0,21.0,5.0,5.0,1.0,0.0,nan,1.0,0.0,21.0,0.0,1.0,25.58306567,25.58306567,0.90670716900000004
157.0,nan,nan,1.0,11.0,27.0,7.0,11.0,0.0,0.0,nan,1.0,0.0,21.0,6.0,1.0,23.961676629999999,23.961676629999999,0.90670716900000004
157.0,nan,nan,1.0,12.0,22.0,8.0,9.0,1.0,2.0,nan,1.0,0.0,21.0,1.0,1.0,23.993531969999999,23.993531969999999,0.90670716900000004
157.0,nan,nan,1.0,11.0,29.0,7.0,10.0,1.0,0.0,nan,1.0,0.0,21.0,8.0,1.0,24.025387299999998,24.025387299999998,0.90670716900000004
157.0,nan,nan,1.0,19.0,21.0,13.0,16.0,1.0,2.0,nan,1.0,0.0,21.0,0.0,1.0,22.730258670000001,22.730258670000001,0.90670716900000004
157.0,nan,nan,1.0,18.0,22.0,20.0,15.0,1.0,2.0,nan,1.0,0.0,21.0,1.0,1.0,21.435130040000001,21.435130040000001,0.90670716900000004
157.0,nan,nan,1.0,17.0,21.0,9.0,15.0,0.0,2.0,nan,1.0,0.0,21.0,0.0,1.0,21.995536820000002,21.995536820000002,0.90670716900000004
157.0,nan,nan,1.0,25.0,22.0,17.0,22.0,1.0,2.0,nan,1.0,0.0,21.0,1.0,1.0,22.555943599999999,22.555943599999999,0.90670716900000004
157.0,nan,nan,1.0,23.0,25.0,14.0,19.0,2.0,2.0,nan,1.0,0.0,21.0,4.0,1.0,22.334959130000001,22.334959130000001,0.90670716900000004
157.0,nan,nan,1.0,31.0,21.0,44.0,28.0,1.0,2.0,nan,1.0,0.0,21.0,0.0,1.0,22.113974649999999,22.113974649999999,0.90670716900000004
157.0,nan,nan,1.0,37.0,21.0,38.0,34.0,0.0,3.0,nan,1.0,0.0,21.0,0.0,1.0,22.56042201,22.56042201,0.90670716900000004
157.0,nan,nan,1.0,22.0,25.0,40.0,19.0,1.0,2.0,nan,1.0,0.0,21.0,4.0,1.0,23.00686937,23.00686937,0.90670716900000004
157.0,nan,nan,1.0,37.0,22.0,36.0,31.0,4.0,2.0,nan,1.0,0.0,21.0,1.0,1.0,24.616937490000002,24.616937490000002,0.90670716900000004
157.0,nan,nan,1.0,39.0,27.0,28.0,35.0,2.0,2.0,nan,1.0,0.0,21.0,6.0,1.0,26.227005609999999,26.227005609999999,0.90670716900000004
157.0,nan,nan,1.0,43.0,29.0,45.0,40.0,0.0,3.0,nan,1.0,0.0,21.0,8.0,1.0,24.71280252,24.71280252,0.90670716900000004
157.0,nan,nan,1.0,16.0,19.0,32.0,12.0,2.0,2.0,nan,1.0,0.0,21.0,-2.0,1.0,23.198599420000001,23.198599420000001,0.90670716900000004
157.0,nan,nan,1.0,37.0,23.0,36.0,32.0,3.0,2.0,nan,1.0,0.0,21.0,2.0,1.0,21.29955502,21.29955502,0.90670716900000004
157.0,nan,nan,1.0,22.0,18.0,46.0,20.0,0.0,2.0,nan,1.0,0.0,21.0,-3.0,1.0,19.400510619999999,19.400510619999999,0.90670716900000004
157.0,nan,nan,1.0,39.0,18.0,40.0,36.0,1.0,2.0,nan,1.0,0.0,21.0,-3.0,1.0,20.565403669999998,20.565403669999998,0.90670716900000004
157.0,nan,nan,1.0,32.0,22.0,26.0,28.0,2.0,2.0,nan,1.0,0.0,21.0,1.0,1.0,21.730296729999999,21.730296729999999,0.90670716900000004
157.0,nan,nan,1.0,47.0,25.0,43.0,40.0,4.0,3.0,nan,1.0,0.0,21.0,4.0,1.0,22.06363309,22.06363309,0.90670716900000004
157.0,nan,nan,1.0,32.0,21.0,35.0,24.0,6.0,2.0,nan,1.0,0.0,21.0,0.0,1.0,22.396969460000001,22.396969460000001,0.90670716900000004
157.0,nan,nan,1.0,33.0,22.0,27.0,28.0,2.0,3.0,nan,1.0,0.0,21.0,1.0,1.0,23.123828379999999,23.123828379999999,0.90670716900000004
157.0,nan,nan,1.0,17.0,25.0,19.0,9.0,5.0,3.0,nan,1.0,0.0,21.0,4.0,1.0,23.850687300000001,23.850687300000001,0.90670716900000004
157.0,nan,nan,1.0,33.0,24.0,31.0,28.0,4.0,1.0,nan,1.0,0.0,21.0,3.0,1.0,24.642547990000001,24.642547990000001,0.90670716900000004
157.0,nan,nan,1.0,39.0,26.0,28.0,37.0,0.0,2.0,nan,1.0,0.0,21.0,5.0,1.0,25.434408680000001,25.434408680000001,0.90670716900000004
157.0,nan,nan,1.0,26.0,26.0,20.0,23.0,1.0,2.0,nan,1.0,0.0,21.0,5.0,1.0,24.14021851,24.14021851,0.90670716900000004
157.0,nan,nan,1.0,31.0,22.0,30.0,24.0,4.0,3.0,nan,1.0,0.0,21.0,1.0,1.0,22.84602834,22.84602834,0.90670716900000004
157.0,nan,nan,1.0,19.0,21.0,29.0,16.0,1.0,2.0,nan,1.0,0.0,21.0,0.0,1.0,19.600163330000001,19.600163330000001,0.90670716900000004
157.0,nan,nan,1.0,18.0,14.0,33.0,16.0,0.0,2.0,nan,1.0,0.0,21.0,-7.0,1.0,16.354298310000001,16.354298310000001,0.90670716900000004
157.0,nan,nan,1.0,27.0,15.0,33.0,22.0,2.0,3.0,nan,1.0,0.0,21.0,-6.0,1.0,16.30790983,16.30790983,0.90670716900000004
157.0,nan,nan,1.0,21.0,18.0,18.0,15.0,4.0,2.0,nan,1.0,0.0,21.0,-3.0,1.0,16.26152136,16.26152136,0.90670716900000004
157.0,nan,nan,1.0,22.0,15.0,33.0,15.0,4.0,3.0,nan,1.0,0.0,21.0,-6.0,1.0,16.060227340000001,16.060227340000001,0.90670716900000004
157.0,nan,nan,1.0,24.0,15.0,27.0,17.0,5.0,2.0,nan,1.0,0.0,21.0,-6.0,1.0,15.858933329999999,15.858933329999999,0.90670716900000004
157.0,nan,nan,1.0,5.0,19.0,6.0,4.0,0.0,1.0,nan,6.0,1.0,20.0,-1.0,1.0,26.305413049999999,26.305413049999999,0.90990856099999995
157.0,nan,nan,1.0,7.0,31.0,6.0,5.0,1.0,1.0,nan,6.0,1.0,20.0,11.0,1.0,25.937344769999999,25.937344769999999,0.90990856099999995
157.0,nan,nan,1.0,14.0,24.0,17.0,9.0,3.0,2.0,nan,6.0,1.0,20.0,4.0,1.0,25.569276500000001,25.569276500000001,0.90990856099999995
157.0,nan,nan,1.0,6.0,23.0,8.0,4.0,0.0,2.0,nan,6.0,1.0,20.0,3.0,1.0,24.28463825,24.28463825,0.90990856099999995
157.0,nan,nan,1.0,0.0,0.0,0.0,0.0,0.0,0.0,nan,6.0,1.0,20.0,-20.0,1.0,23.0,23.0,0.90990856099999995
157.0,nan,nan,1.0,10.0,23.0,7.0,7.0,1.0,2.0,nan,6.0,1.0,20.0,3.0,1.0,22.323716640000001,22.323716640000001,0.90990856099999995
157.0,nan,nan,1.0,7.0,16.0,7.0,4.0,1.0,2.0,nan,6.0,1.0,20.0,-4.0,1.0,21.647433270000001,21.647433270000001,0.90990856099999995
157.0,nan,nan,1.0,11.0,27.0,5.0,10.0,0.0,1.0,nan,6.0,1.0,20.0,7.0,1.0,22.04381222,22.04381222,0.90990856099999995
157.0,nan,nan,1.0,13.0,20.0,10.0,11.0,2.0,0.0,nan,6.0,1.0,20.0,0.0,1.0,22.440191169999999,22.440191169999999,0.90990856099999995
157.0,nan,nan,1.0,11.0,22.0,14.0,9.0,0.0,2.0,nan,6.0,1.0,20.0,2.0,1.0,21.799516000000001,21.799516000000001,0.90990856099999995
157.0,nan,nan,1.0,13.0,22.0,7.0,11.0,1.0,1.0,nan,6.0,1.0,20.0,2.0,1.0,21.158840829999999,21.158840829999999,0.90990856099999995
157.0,nan,nan,1.0,16.0,19.0,15.0,12.0,3.0,1.0,nan,6.0,1.0,20.0,-1.0,1.0,21.772229620000001,21.772229620000001,0.90990856099999995
157.0,nan,nan,1.0,18.0,28.0,14.0,12.0,5.0,1.0,nan,6.0,1.0,20.0,8.0,1.0,22.385618409999999,22.385618409999999,0.90990856099999995
157.0,nan,nan,1.0,14.0,20.0,12.0,11.0,1.0,2.0,nan,6.0,1.0,20.0,0.0,1.0,21.081648040000001,21.081648040000001,0.90990856099999995
157.0,nan,nan,1.0,21.0,22.0,21.0,16.0,2.0,3.0,nan,6.0,1.0,20.0,2.0,1.0,19.777677669999999,19.777677669999999,0.90990856099999995
157.0,nan,nan,1.0,14.0,16.0,25.0,11.0,2.0,1.0,nan,6.0,1.0,20.0,-4.0,1.0,20.144270800000001,20.144270800000001,0.90990856099999995
157.0,nan,nan,1.0,13.0,24.0,10.0,11.0,1.0,1.0,nan,6.0,1.0,20.0,4.0,1.0,20.510863919999998,20.510863919999998,0.90990856099999995
157.0,nan,nan,1.0,25.0,20.0,26.0,21.0,3.0,1.0,nan,6.0,1.0,20.0,0.0,1.0,20.731585500000001,20.731585500000001,0.90990856099999995
157.0,nan,nan,1.0,25.0,23.0,16.0,22.0,1.0,2.0,nan,6.0,1.0,20.0,3.0,1.0,20.95230707,20.95230707,0.90990856099999995
157.0,nan,nan,1.0,18.0,19.0,19.0,16.0,1.0,1.0,nan,6.0,1.0,20.0,-1.0,1.0,19.500707869999999,19.500707869999999,0.90990856099999995
157.0,nan,nan,1.0,15.0,16.0,27.0,12.0,1.0,2.0,nan,6.0,1.0,20.0,-4.0,1.0,18.049108669999999,18.049108669999999,0.90990856099999995
157.0,nan,nan,1.0,20.0,-99.0,-99.0,-99.0,-99.0,-99.0,nan,6.0,1.0,20.0,0.0,1.0,19.449692590000002,19.449692590000002,0.90990856099999995
157.0,nan,nan,1.0,18.0,22.0,15.0,16.0,0.0,2.0,nan,6.0,1.0,20.0,2.0,1.0,20.850276520000001,20.850276520000001,0.90990856099999995
157.0,nan,nan,1.0,20.0,20.0,17.0,15.0,3.0,2.0,nan,6.0,1.0,20.0,0.0,1.0,20.980957320000002,20.980957320000002,0.90990856099999995
157.0,nan,nan,1.0,27.0,20.0,29.0,24.0,1.0,2.0,nan,6.0,1.0,20.0,0.0,1.0,21.111638119999999,21.111638119999999,0.90990856099999995
157.0,nan,nan,1.0,15.0,24.0,18.0,10.0,3.0,2.0,nan,6.0,1.0,20.0,4.0,1.0,20.707866889999998,20.707866889999998,0.90990856099999995
157.0,nan,nan,1.0,12.0,16.0,11.0,9.0,2.0,1.0,nan,6.0,1.0,20.0,-4.0,1.0,20.304095650000001,20.304095650000001,0.90990856099999995
157.0,nan,nan,1.0,10.0,22.0,11.0,7.0,2.0,1.0,nan,6.0,1.0,20.0,2.0,1.0,21.472853570000002,21.472853570000002,0.90990856099999995
157.0,nan,nan,1.0,28.0,25.0,19.0,26.0,0.0,2.0,nan,6.0,1.0,20.0,5.0,1.0,22.641611480000002,22.641611480000002,0.90990856099999995
157.0,nan,nan,1.0,25.0,20.0,18.0,22.0,1.0,2.0,nan,6.0,1.0,20.0,0.0,1.0,20.67785026,20.67785026,0.90990856099999995
157.0,nan,nan,1.0,20.0,19.0,23.0,17.0,0.0,3.0,nan,6.0,1.0,20.0,-1.0,1.0,18.71408903,18.71408903,0.90990856099999995
157.0,nan,nan,1.0,17.0,17.0,18.0,13.0,1.0,3.0,nan,6.0,1.0,20.0,-3.0,1.0,17.433570029999998,17.433570029999998,0.90990856099999995
157.0,nan,nan,1.0,9.0,15.0,7.0,7.0,1.0,1.0,nan,6.0,1.0,20.0,-5.0,1.0,16.153051019999999,16.153051019999999,0.90990856099999995
157.0,nan,nan,1.0,11.0,17.0,15.0,10.0,0.0,1.0,nan,6.0,1.0,20.0,-3.0,1.0,16.719546529999999,16.719546529999999,0.90990856099999995
157.0,nan,nan,1.0,23.0,17.0,15.0,20.0,1.0,2.0,nan,6.0,1.0,20.0,-3.0,1.0,17.286042049999999,17.286042049999999,0.90990856099999995
157.0,nan,nan,1.0,10.0,18.0,10.0,8.0,1.0,1.0,nan,6.0,1.0,20.0,-2.0,1.0,18.643021019999999,18.643021019999999,0.90990856099999995
157.0,nan,nan,1.0,16.0,20.0,18.0,12.0,2.0,2.0,nan,6.0,1.0,20.0,0.0,1.0,20.0,20.0,0.90990856099999995
